observation_id,observed_on,created_at,quality_grade,place_guess,latitude,longitude,taxon_id,scientific_name,preferred_common_name,rank,iconic_taxon_name,observer_login,uri,photo_url,source
357265971,2026-05-01,2026-05-01T15:54:27-03:00,research,"Capital, AR-CN, AR",-27.5025216667,-58.8437183333,51454,Passiflora caerulea,Bluecrown passionflower,species,Plantae,olga93351,https://www.inaturalist.org/observations/357265971,https://inaturalist-open-data.s3.amazonaws.com/photos/651595264/medium.jpg,iNaturalist / ArgentiNat API: observations
357944691,2026-05-03,2026-05-03T12:57:02-03:00,research,"Villa Elisa, Provincia de Buenos Aires, Argentina",-34.86990918,-58.07401592,810560,Vachellia caven,Caven Thorn,species,Plantae,emil_facundo,https://www.inaturalist.org/observations/357944691,https://inaturalist-open-data.s3.amazonaws.com/photos/652913353/medium.jpg,iNaturalist / ArgentiNat API: observations
358135824,2026-05-02,2026-05-03T22:15:24-03:00,research,"Villa del Dique, Córdoba, AR",-32.2095,-64.4485083333,79143,Solanum sisymbriifolium,Red Buffalo-bur,species,Plantae,bernardita_medina,https://www.inaturalist.org/observations/358135824,https://static.inaturalist.org/photos/653286265/medium.jpg,iNaturalist / ArgentiNat API: observations
357751094,2026-05-02,2026-05-02T22:47:11-03:00,research,"Ramallo, Provincia de Buenos Aires, Argentina",-33.4850683496,-60.0045531616,53478,Commelina erecta,whitemouth dayflower,species,Plantae,leogsantoro,https://www.inaturalist.org/observations/357751094,https://static.inaturalist.org/photos/652543015/medium.jpg,iNaturalist / ArgentiNat API: observations
358378986,2026-05-04,2026-05-04T16:03:33-03:00,research,"Monserrat, Cdad. Autónoma de Buenos Aires, Argentina",-34.6131251944,-58.3816460833,162718,Erythrina crista-galli,Cockspur coral tree,species,Plantae,diegogallotti,https://www.inaturalist.org/observations/358378986,https://inaturalist-open-data.s3.amazonaws.com/photos/653763070/medium.jpg,iNaturalist / ArgentiNat API: observations
358430907,2026-05-04,2026-05-04T18:58:43-03:00,research,"3X56+XQ, D5835 Villa del Carmen, San Luis, Argentina",-32.8339247333,-65.032096,139069,Geoffroea decorticans,Chañar,species,Plantae,hugoalbertovalderrey,https://www.inaturalist.org/observations/358430907,https://inaturalist-open-data.s3.amazonaws.com/photos/653863626/medium.jpg,iNaturalist / ArgentiNat API: observations
358047152,2026-05-03,2026-05-03T17:31:44-03:00,research,"Triunvirato 7934, B1682 Billinghurst, Provincia de Buenos Aires, Argentina",-34.5683938,-58.5867993,64240,Cortaderia selloana,Pampas Grass,species,Plantae,franco_montano,https://www.inaturalist.org/observations/358047152,https://inaturalist-open-data.s3.amazonaws.com/photos/653108713/medium.jpg,iNaturalist / ArgentiNat API: observations
358480588,2026-05-04,2026-05-04T22:31:16-03:00,research,"WF5M+WR, La Falda, Córdoba, Argentina",-31.0890861111,-64.5177305556,279210,Celtis tala,Desert Hackberry,species,Plantae,gracieladangelo,https://www.inaturalist.org/observations/358480588,https://inaturalist-open-data.s3.amazonaws.com/photos/653962213/medium.jpg,iNaturalist / ArgentiNat API: observations
358094395,2026-05-03,2026-05-03T19:49:29-03:00,research,"San Lorenzo, Santa Fe, Argentina",-32.8203866107,-60.6862851977,50333,Lantana camara,common lantana,species,Plantae,fernandoduralde,https://www.inaturalist.org/observations/358094395,https://inaturalist-open-data.s3.amazonaws.com/photos/653201258/medium.jpg,iNaturalist / ArgentiNat API: observations
357591229,2026-05-02,2026-05-02T14:35:18-03:00,research,"Maracó, La Pampa, Argentina",-35.7241348333,-63.8288195,541592,Sphaeralcea bonariensis,Latin globemallow,species,Plantae,hugoalbertovalderrey,https://www.inaturalist.org/observations/357591229,https://inaturalist-open-data.s3.amazonaws.com/photos/652229598/medium.jpg,iNaturalist / ArgentiNat API: observations
357926098,2026-05-03,2026-05-03T12:04:36-03:00,research,"Bosque sobre antiguo Mar, La Plata, Buenos Aires Province, AR",-34.8622635592,-58.0680712052,424162,Solidago chilensis,Anise Goldenrod,species,Plantae,ayerives,https://www.inaturalist.org/observations/357926098,https://inaturalist-open-data.s3.amazonaws.com/photos/652877876/medium.jpg,iNaturalist / ArgentiNat API: observations
357747611,2026-05-02,2026-05-02T22:32:21-03:00,research,"Ramallo, Provincia de Buenos Aires, Argentina",-33.4850683496,-60.0045531616,78954,Salpichroa origanifolia,Cock's-eggs,species,Plantae,leogsantoro,https://www.inaturalist.org/observations/357747611,https://static.inaturalist.org/photos/652535008/medium.jpg,iNaturalist / ArgentiNat API: observations
358430981,2026-05-04,2026-05-04T18:59:02-03:00,research,"Chacabuco, AR-SL, AR",-32.8339219833,-65.0320915833,993381,Clematis campestris,,species,Plantae,hugoalbertovalderrey,https://www.inaturalist.org/observations/358430981,https://inaturalist-open-data.s3.amazonaws.com/photos/653863788/medium.jpg,iNaturalist / ArgentiNat API: observations
356705446,2026-04-29,2026-04-29T22:31:30-03:00,research,"Mitre Y España, S2300 Rafaela, Santa Fe, Argentina",-31.251259,-61.4745869722,58334,Nicotiana glauca,tree tobacco,species,Plantae,pablohcapovilla,https://www.inaturalist.org/observations/356705446,https://inaturalist-open-data.s3.amazonaws.com/photos/650518926/medium.jpg,iNaturalist / ArgentiNat API: observations
358120128,2026-05-02,2026-05-03T21:16:17-03:00,research,"Gral. Acha, La Pampa, Argentina",-37.3787589,-64.6036162,441434,Opuntia sulphurea,sulphur cactus,species,Plantae,danieloscarmolina,https://www.inaturalist.org/observations/358120128,https://inaturalist-open-data.s3.amazonaws.com/photos/653252979/medium.jpg,iNaturalist / ArgentiNat API: observations
350923589,2026-04-15,2026-04-18T17:29:34-03:00,research,"San Carlos de Bariloche, Río Negro, AR",-41.183005,-71.4630883333,84707,Berberis microphylla,Calafate,species,Plantae,pablokozodij,https://www.inaturalist.org/observations/350923589,https://inaturalist-open-data.s3.amazonaws.com/photos/640334647/medium.jpg,iNaturalist / ArgentiNat API: observations
357997756,2026-05-02,2026-05-03T15:19:05-03:00,research,"Juan María Gutiérrez, Provincia de Buenos Aires, Argentina",-34.8439589254,-58.1802145019,792005,Dicliptera squarrosa,Uruguayan Firecracker Plant,species,Plantae,eliicastano,https://www.inaturalist.org/observations/357997756,https://static.inaturalist.org/photos/653014024/medium.jpg,iNaturalist / ArgentiNat API: observations
358077502,2026-05-03,2026-05-03T18:57:55-03:00,research,"B1896 Villa Elisa, Provincia de Buenos Aires, Argentina",-34.8680509,-58.0734594,631076,Oxypetalum solanoides,,species,Plantae,eckerd,https://www.inaturalist.org/observations/358077502,https://inaturalist-open-data.s3.amazonaws.com/photos/653167438/medium.jpg,iNaturalist / ArgentiNat API: observations
358425602,2026-05-04,2026-05-04T18:39:43-03:00,research,"Vicente López, Buenos Aires Province, Argentina",-34.52432,-58.4771149722,370737,Tillandsia aeranthos,,species,Plantae,naelin,https://www.inaturalist.org/observations/358425602,https://inaturalist-open-data.s3.amazonaws.com/photos/653853615/medium.jpg,iNaturalist / ArgentiNat API: observations
357772657,2026-05-02,2026-05-03T00:15:55-03:00,research,"E3285 Colón, Entre Ríos, Argentina",-32.2221968161,-58.1383264437,484057,Sapium haematospermum,,species,Plantae,anahiecha55,https://www.inaturalist.org/observations/357772657,https://inaturalist-open-data.s3.amazonaws.com/photos/652583854/medium.jpg,iNaturalist / ArgentiNat API: observations
358079672,2026-05-03,2026-05-03T19:04:59-03:00,research,"San Fernando del Valle de Catamarca, Catamarca, Argentina",-28.4695491667,-65.8224410833,116713,Larrea divaricata,,species,Plantae,agustin_victoriano,https://www.inaturalist.org/observations/358079672,https://inaturalist-open-data.s3.amazonaws.com/photos/653173036/medium.jpg,iNaturalist / ArgentiNat API: observations
358446112,2026-05-04,2026-05-04T20:00:13-03:00,research,"Chacabuco, AR-SL, AR",-32.5519613167,-64.9550387333,76226,Cestrum parqui,green cestrum,species,Plantae,hugoalbertovalderrey,https://www.inaturalist.org/observations/358446112,https://inaturalist-open-data.s3.amazonaws.com/photos/653906840/medium.jpg,iNaturalist / ArgentiNat API: observations
358304938,2026-05-04,2026-05-04T12:02:06-03:00,research,"Universidad Nacional de Cordoba, Córdoba, Córdoba, AR",-31.43437,-64.194175,157839,Abutilon grandifolium,hairy abutilon,species,Plantae,solechiabrando,https://www.inaturalist.org/observations/358304938,https://inaturalist-open-data.s3.amazonaws.com/photos/653622556/medium.jpg,iNaturalist / ArgentiNat API: observations
354671761,2026-04-26,2026-04-26T16:35:56-03:00,research,"San Isidro, Buenos Aires, Argentina",-34.4674416667,-58.4925666667,1506725,Sagittaria montevidensis,Aztec arrowhead,species,Plantae,jdk42,https://www.inaturalist.org/observations/354671761,https://inaturalist-open-data.s3.amazonaws.com/photos/646967101/medium.jpg,iNaturalist / ArgentiNat API: observations
358050028,2026-05-03,2026-05-03T17:39:21-03:00,research,"Triunvirato 7860, B1682 Billinghurst, Provincia de Buenos Aires, Argentina",-34.569454,-58.5855379,62829,Parkinsonia aculeata,Mexican palo verde,species,Plantae,franco_montano,https://www.inaturalist.org/observations/358050028,https://inaturalist-open-data.s3.amazonaws.com/photos/653114027/medium.jpg,iNaturalist / ArgentiNat API: observations
357337018,2026-04-25,2026-05-01T19:58:52-03:00,research,"Rosario, Santa Fe, Argentina",-32.9434747372,-60.8064763248,165704,Nicotiana longiflora,long-flower tobacco,species,Plantae,marianelascuderi,https://www.inaturalist.org/observations/357337018,https://static.inaturalist.org/photos/651736970/medium.jpg,iNaturalist / ArgentiNat API: observations
357600956,2026-05-02,2026-05-02T15:03:08-03:00,research,"7HRF+34, Anisacate, Córdoba, Argentina",-31.7092914367,-64.4282200746,371182,Jodina rhombifolia,,species,Plantae,elchicodelvivero,https://www.inaturalist.org/observations/357600956,https://inaturalist-open-data.s3.amazonaws.com/photos/652248097/medium.jpg,iNaturalist / ArgentiNat API: observations
358425963,2026-05-04,2026-05-04T18:41:04-03:00,research,"Vicente López, Buenos Aires Province, Argentina",-34.524374,-58.477642,59040,Phyla nodiflora,turkey tangle frogfruit,species,Plantae,naelin,https://www.inaturalist.org/observations/358425963,https://inaturalist-open-data.s3.amazonaws.com/photos/653854435/medium.jpg,iNaturalist / ArgentiNat API: observations
351510107,2026-04-20,2026-04-20T14:56:57-03:00,research,"Bariloche Department, Río Negro Province, Argentina",-41.6779015997,-71.2551133,465366,Nothofagus pumilio,Lenga Beech,species,Plantae,gnearns,https://www.inaturalist.org/observations/351510107,https://inaturalist-open-data.s3.amazonaws.com/photos/641475218/medium.jpg,iNaturalist / ArgentiNat API: observations
350164622,2026-04-15,2026-04-15T22:52:08-03:00,research,"Cerro Catedral, San Carlos de Bariloche, Río Negro, AR",-41.1777633333,-71.459695,465345,Chiliotrichum diffusum,Fachine,species,Plantae,pablokozodij,https://www.inaturalist.org/observations/350164622,https://inaturalist-open-data.s3.amazonaws.com/photos/638863765/medium.jpg,iNaturalist / ArgentiNat API: observations
355840243,2026-04-27,2026-04-27T22:33:57-03:00,research,"Lucas V. Córdoba, Alta Gracia, Córdoba, AR",-31.6395116667,-64.4340283333,163317,Glandularia peruviana,Peruvian Mock Vervain,species,Plantae,paynekura,https://www.inaturalist.org/observations/355840243,https://inaturalist-open-data.s3.amazonaws.com/photos/648920861/medium.jpg,iNaturalist / ArgentiNat API: observations
358298221,2026-05-03,2026-05-04T11:38:11-03:00,research,"Villa Elisa, Provincia de Buenos Aires, Argentina",-34.86045403,-58.0696266545,129582,Phytolacca dioica,Ombu,species,Plantae,martin_arregui,https://www.inaturalist.org/observations/358298221,https://inaturalist-open-data.s3.amazonaws.com/photos/653596103/medium.jpg,iNaturalist / ArgentiNat API: observations
353830585,2026-04-25,2026-04-25T17:00:49-03:00,research,"Puerto Madero, Cdad. Autónoma de Buenos Aires, Argentina",-34.5984141138,-58.3623549088,1065391,Erythrostemon gilliesii,yellow bird-of-paradise shrub,species,Plantae,diegogallotti,https://www.inaturalist.org/observations/353830585,https://inaturalist-open-data.s3.amazonaws.com/photos/645535336/medium.jpg,iNaturalist / ArgentiNat API: observations
353736678,2026-04-24,2026-04-25T14:59:34-03:00,research,"Bahía Blanca, Provincia de Buenos Aires, Argentina",-38.723933878,-62.2827810445,77496,Ipomoea indica,oceanblue morning glory,species,Plantae,paisanojere,https://www.inaturalist.org/observations/353736678,https://inaturalist-open-data.s3.amazonaws.com/photos/645371380/medium.jpg,iNaturalist / ArgentiNat API: observations
358360435,2026-05-04,2026-05-04T15:03:52-03:00,research,"Calle Las Totoras, Entre Ríos, AR",-31.8325421992,-60.5379652319,56891,Aloysia gratissima,Whitebrush,species,Plantae,victoriadumas,https://www.inaturalist.org/observations/358360435,https://static.inaturalist.org/photos/653727456/medium.jpg,iNaturalist / ArgentiNat API: observations
358074355,2026-05-03,2026-05-03T18:48:07-03:00,research,"B1896 Villa Elisa, Provincia de Buenos Aires, Argentina",-34.8680509,-58.0734594,859233,Austroeupatorium inulifolium,Whiteweed,species,Plantae,eckerd,https://www.inaturalist.org/observations/358074355,https://inaturalist-open-data.s3.amazonaws.com/photos/653160973/medium.jpg,iNaturalist / ArgentiNat API: observations
354057643,2026-04-25,2026-04-25T23:19:09-03:00,research,"Vicente López, Buenos Aires Province, Argentina",-34.5133319722,-58.4689369722,846973,Solanum granulosoleprosum,,species,Plantae,naelin,https://www.inaturalist.org/observations/354057643,https://inaturalist-open-data.s3.amazonaws.com/photos/645902490/medium.jpg,iNaturalist / ArgentiNat API: observations
335356143,2026-01-14,2026-01-19T10:54:27-03:00,research,"La Caldera, Salta, Argentina",-24.5753078333,-65.3627166667,163683,Herbertia lahue,Prairie Nymph,species,Plantae,arapanza,https://www.inaturalist.org/observations/335356143,https://inaturalist-open-data.s3.amazonaws.com/photos/609206381/medium.jpg,iNaturalist / ArgentiNat API: observations
358079883,2026-05-03,2026-05-03T19:05:34-03:00,research,"San Fernando del Valle de Catamarca, Catamarca, Argentina",-28.4695491667,-65.8224410833,209956,Parkinsonia praecox,palo brea,species,Plantae,agustin_victoriano,https://www.inaturalist.org/observations/358079883,https://inaturalist-open-data.s3.amazonaws.com/photos/653173472/medium.jpg,iNaturalist / ArgentiNat API: observations
358052555,2026-05-03,2026-05-03T17:45:58-03:00,research,"Triunvirato 7860, B1682 Billinghurst, Provincia de Buenos Aires, Argentina",-34.5695586,-58.5857236,57913,Baccharis salicifolia,mule fat,species,Plantae,franco_montano,https://www.inaturalist.org/observations/358052555,https://inaturalist-open-data.s3.amazonaws.com/photos/653118582/medium.jpg,iNaturalist / ArgentiNat API: observations
354682450,2026-04-26,2026-04-26T16:49:44-03:00,research,"Neuquén, AR",-40.0466595371,-71.3352765776,319327,Embothrium coccineum,Chilean fire bush,species,Plantae,leandro2020,https://www.inaturalist.org/observations/354682450,https://inaturalist-open-data.s3.amazonaws.com/photos/646981541/medium.jpg,iNaturalist / ArgentiNat API: observations
352349758,2026-04-22,2026-04-23T16:54:44-03:00,research,"W3470, Corrientes, Argentina",-29.1829853056,-58.0731811389,84002,Tillandsia recurvata,ballmoss,species,Plantae,diana68557,https://www.inaturalist.org/observations/352349758,https://inaturalist-open-data.s3.amazonaws.com/photos/643096660/medium.jpg,iNaturalist / ArgentiNat API: observations
358417455,2026-05-04,2026-05-04T18:09:19-03:00,research,Argentina,-33.5842015183,-60.0587163673,372267,Chloraea membranacea,Membranous Greenhood,species,Plantae,leogsantoro,https://www.inaturalist.org/observations/358417455,https://static.inaturalist.org/photos/653837258/medium.jpg,iNaturalist / ArgentiNat API: observations
349792309,2026-04-13,2026-04-14T12:36:09-03:00,research,"San Carlos de Bariloche, Río Negro, AR",-41.1225388333,-71.5052333333,797147,Azorella prolifera,Mother-in-law Cushion,species,Plantae,pablokozodij,https://www.inaturalist.org/observations/349792309,https://inaturalist-open-data.s3.amazonaws.com/photos/638137911/medium.jpg,iNaturalist / ArgentiNat API: observations
357285518,2026-05-01,2026-05-01T16:54:56-03:00,research,"Concordia, Entre Ríos, Argentina",-31.3778361111,-58.0749083333,904475,Schinus longifolia,,species,Plantae,ariantonio74,https://www.inaturalist.org/observations/357285518,https://inaturalist-open-data.s3.amazonaws.com/photos/651633211/medium.jpg,iNaturalist / ArgentiNat API: observations
355568037,2026-04-27,2026-04-27T15:43:11-03:00,research,"Ayacucho, San Luis, Argentina",-32.2476422072,-66.9591593742,869986,Trichocereus candicans,Argentine Giant,species,Plantae,luismiranda_sv_,https://www.inaturalist.org/observations/355568037,https://inaturalist-open-data.s3.amazonaws.com/photos/648440973/medium.jpg,iNaturalist / ArgentiNat API: observations
358431553,2026-05-04,2026-05-04T19:01:43-03:00,research,"Chacabuco, AR-SL, AR",-32.63577005,-64.9552822667,153439,Zinnia peruviana,Peruvian zinnia,species,Plantae,hugoalbertovalderrey,https://www.inaturalist.org/observations/358431553,https://inaturalist-open-data.s3.amazonaws.com/photos/653865093/medium.jpg,iNaturalist / ArgentiNat API: observations
358424852,2026-05-04,2026-05-04T18:36:35-03:00,research,"Ramallo, Provincia de Buenos Aires, Argentina",-33.4471015833,-60.0568313333,79487,Verbena bonariensis,purpletop vervain,species,Plantae,leogsantoro,https://www.inaturalist.org/observations/358424852,https://static.inaturalist.org/photos/653852092/medium.jpg,iNaturalist / ArgentiNat API: observations
357709543,2026-05-02,2026-05-02T20:10:34-03:00,research,"Catriel, Río Negro",-37.8792541506,-67.7919074893,79137,Solanum elaeagnifolium,silverleaf nightshade,species,Plantae,laporfia,https://www.inaturalist.org/observations/357709543,https://inaturalist-open-data.s3.amazonaws.com/photos/652460167/medium.jpg,iNaturalist / ArgentiNat API: observations
357565004,2026-05-01,2026-05-02T13:20:38-03:00,research,"Villa Soldati, Cdad. Autónoma de Buenos Aires, Argentina",-34.6632482686,-58.4623339459,924824,Pascalia glauca,Sunchillo,species,Plantae,diegogallotti,https://www.inaturalist.org/observations/357565004,https://inaturalist-open-data.s3.amazonaws.com/photos/652169912/medium.jpg,iNaturalist / ArgentiNat API: observations
357750549,2026-05-02,2026-05-02T22:45:07-03:00,research,"Victoria, AR-ER, AR",-32.8834516667,-60.632175,962637,Pontederia crassipes,common water hyacinth,species,Plantae,nicokayak,https://www.inaturalist.org/observations/357750549,https://inaturalist-open-data.s3.amazonaws.com/photos/652540798/medium.jpg,iNaturalist / ArgentiNat API: observations
356682667,2026-04-29,2026-04-29T21:02:28-03:00,research,"Comisión de Fomento Limay Mahuida, La Pampa, AR",-37.3814083333,-66.6858883333,428312,Condalia microphylla,,species,Plantae,dpincen,https://www.inaturalist.org/observations/356682667,https://inaturalist-open-data.s3.amazonaws.com/photos/650473830/medium.jpg,iNaturalist / ArgentiNat API: observations
358225118,2026-05-03,2026-05-04T05:37:04-03:00,research,"Avenida Illia, San Fernando del Valle de Catamarca, Catamarca, AR",-28.46175,-65.807555,424095,Aspidosperma quebracho-blanco,Common White Quebracho,species,Plantae,analiab87,https://www.inaturalist.org/observations/358225118,https://inaturalist-open-data.s3.amazonaws.com/photos/653465764/medium.jpg,iNaturalist / ArgentiNat API: observations
357596917,2026-05-02,2026-05-02T14:51:41-03:00,research,"Saladillo, Provincia de Buenos Aires, Argentina",-35.6002909873,-59.5030863583,75499,Araujia sericifera,Moth Vine,species,Plantae,lauravb,https://www.inaturalist.org/observations/357596917,https://inaturalist-open-data.s3.amazonaws.com/photos/652240391/medium.jpg,iNaturalist / ArgentiNat API: observations
345075798,2026-03-23,2026-03-25T09:29:35-03:00,research,"Mendiolaza, Córdoba, Argentina",-31.2489569205,-64.2655906102,525635,Modiolastrum malvifolium,,species,Plantae,ferferrari,https://www.inaturalist.org/observations/345075798,https://inaturalist-open-data.s3.amazonaws.com/photos/628820378/medium.jpg,iNaturalist / ArgentiNat API: observations
357701150,2026-05-02,2026-05-02T19:42:59-03:00,research,"Arana, Provincia de Buenos Aires, Argentina",-35.0227893394,-57.8553711623,169064,Solanum glaucophyllum,waxy-leaved nightshade,species,Plantae,danilogolovchenko,https://www.inaturalist.org/observations/357701150,https://static.inaturalist.org/photos/652443173/medium.jpg,iNaturalist / ArgentiNat API: observations
358063303,2026-05-03,2026-05-03T18:16:07-03:00,research,"A. FRONDIZI y CORDIVIOLA, S2013 Rosario, Santa Fe, Argentina",-32.9112991592,-60.6739497185,164075,Ipomoea alba,Moonflower,species,Plantae,roberto44485,https://www.inaturalist.org/observations/358063303,https://static.inaturalist.org/photos/653140091/medium.jpg,iNaturalist / ArgentiNat API: observations
357921482,2026-05-02,2026-05-03T11:51:35-03:00,research,"Maracó, AR-LP, AR",-35.7241243833,-63.83428135,167072,Pluchea sagittalis,Wingstem Camphorweed,species,Plantae,hugoalbertovalderrey,https://www.inaturalist.org/observations/357921482,https://inaturalist-open-data.s3.amazonaws.com/photos/652870019/medium.jpg,iNaturalist / ArgentiNat API: observations
358452757,2026-05-04,2026-05-04T20:30:26-03:00,research,"Chacabuco, AR-SL, AR",-32.55214615,-64.9548839,447708,Ligaria cuneifolia,,species,Plantae,hugoalbertovalderrey,https://www.inaturalist.org/observations/358452757,https://inaturalist-open-data.s3.amazonaws.com/photos/653907085/medium.jpg,iNaturalist / ArgentiNat API: observations
356852793,2026-04-29,2026-04-30T11:22:18-03:00,research,"Comisión de Fomento Limay Mahuida, La Pampa, AR",-37.3813533333,-66.684005,430340,Echinopsis leucantha,,species,Plantae,dpincen,https://www.inaturalist.org/observations/356852793,https://inaturalist-open-data.s3.amazonaws.com/photos/650794762/medium.jpg,iNaturalist / ArgentiNat API: observations
358431328,2026-05-04,2026-05-04T19:00:50-03:00,research,"Chacabuco, AR-SL, AR",-32.63643785,-64.9515127667,50203,Bidens pilosa,Hairy Beggarticks,species,Plantae,hugoalbertovalderrey,https://www.inaturalist.org/observations/358431328,https://inaturalist-open-data.s3.amazonaws.com/photos/653864662/medium.jpg,iNaturalist / ArgentiNat API: observations
358294156,2026-05-04,2026-05-04T11:23:19-03:00,research,"Avenida Vélez Sarsfield 1696, X5016 Córdoba, Argentina",-31.4344661667,-64.1943677833,464557,Dolichandra cynanchoides,,species,Plantae,marilina_amalia,https://www.inaturalist.org/observations/358294156,https://inaturalist-open-data.s3.amazonaws.com/photos/653601703/medium.jpg,iNaturalist / ArgentiNat API: observations
357202453,2026-05-01,2026-05-01T12:42:02-03:00,research,"Gral. Acha, La Pampa, Argentina",-37.3787589,-64.6036162,431346,Muehlenbeckia sagittifolia,Maidenhair Vine,species,Plantae,danieloscarmolina,https://www.inaturalist.org/observations/357202453,https://inaturalist-open-data.s3.amazonaws.com/photos/651471961/medium.jpg,iNaturalist / ArgentiNat API: observations
357667605,2026-05-02,2026-05-02T18:01:23-03:00,research,"Ayacucho, San Luis, Argentina",-32.259931704,-66.9505317137,438208,Cereus aethiops,,species,Plantae,luismiranda_sv_,https://www.inaturalist.org/observations/357667605,https://inaturalist-open-data.s3.amazonaws.com/photos/652375622/medium.jpg,iNaturalist / ArgentiNat API: observations
357698880,2026-05-02,2026-05-02T19:34:56-03:00,research,"Avenida Belgrano 498, Cba., Argentina, X5113, Córdoba, Argentina",-31.14264,-64.2910799722,52344,Ipomoea purpurea,common morning-glory,species,Plantae,rorobles_,https://www.inaturalist.org/observations/357698880,https://static.inaturalist.org/photos/652438642/medium.jpg,iNaturalist / ArgentiNat API: observations
342589546,2026-03-07,2026-03-12T12:31:44-03:00,research,"Laguna del Caminante, Ushuaia, Tierra del Fuego, AR",-54.7557866667,-68.3635916667,346959,Codonorchis lessonii,Dog orchid,species,Plantae,joko_,https://www.inaturalist.org/observations/342589546,https://inaturalist-open-data.s3.amazonaws.com/photos/623906477/medium.jpg,iNaturalist / ArgentiNat API: observations
346887906,2026-04-02,2026-04-02T20:22:58-03:00,research,"Parque Nacional Nahuel Huapi, Av. San Martín 24 - San Carlos de Bariloche R8400ALN, Río Negro, Argentina",-40.8645260391,-71.5047425777,366916,Gaultheria mucronata,Prickly Heath,species,Plantae,noeliagattero,https://www.inaturalist.org/observations/346887906,https://inaturalist-open-data.s3.amazonaws.com/photos/632392355/medium.jpg,iNaturalist / ArgentiNat API: observations
350623683,2026-04-15,2026-04-17T18:04:31-03:00,research,"Cerro Catedral, San Carlos de Bariloche, Río Negro, AR",-41.1779966667,-71.4586716667,75442,Anemone multifida,Cutleaf Anemone,species,Plantae,pablokozodij,https://www.inaturalist.org/observations/350623683,https://inaturalist-open-data.s3.amazonaws.com/photos/639762048/medium.jpg,iNaturalist / ArgentiNat API: observations
349787930,2026-04-13,2026-04-14T12:16:29-03:00,research,"San Carlos de Bariloche, Río Negro, AR",-41.124225,-71.5062866667,428962,Quinchamalium chilense,Quinchamali,species,Plantae,pablokozodij,https://www.inaturalist.org/observations/349787930,https://inaturalist-open-data.s3.amazonaws.com/photos/638129133/medium.jpg,iNaturalist / ArgentiNat API: observations
355849129,2026-04-27,2026-04-27T22:47:04-03:00,research,"Ruta Nacional 9, Comisión Municipal Volcán, Jujuy, AR",-23.9057416667,-65.4628133333,58058,Heliotropium curassavicum,alkali heliotrope,species,Plantae,cdanl2,https://www.inaturalist.org/observations/355849129,https://inaturalist-open-data.s3.amazonaws.com/photos/648935829/medium.jpg,iNaturalist / ArgentiNat API: observations
355335225,2026-04-27,2026-04-27T11:02:08-03:00,research,"C5231, Córdoba, Argentina",-31.3703288889,-64.2532119722,157498,Heimia salicifolia,sun opener,species,Plantae,vero_spp,https://www.inaturalist.org/observations/355335225,https://inaturalist-open-data.s3.amazonaws.com/photos/648071935/medium.jpg,iNaturalist / ArgentiNat API: observations
353724813,2026-04-19,2026-04-25T14:45:25-03:00,research,"Ensenada, Provincia de Buenos Aires, Argentina",-34.8446673,-57.95654,164208,Jaborosa integrifolia,springblossom,species,Plantae,maurinoack,https://www.inaturalist.org/observations/353724813,https://inaturalist-open-data.s3.amazonaws.com/photos/645351495/medium.jpg,iNaturalist / ArgentiNat API: observations
355132565,2026-04-26,2026-04-27T05:21:50-03:00,research,"Yerba Buena, Tucumán, AR",-26.8030916667,-65.31977,467158,Pavonia sepium,shell flower,species,Plantae,mordano,https://www.inaturalist.org/observations/355132565,https://inaturalist-open-data.s3.amazonaws.com/photos/647768659/medium.jpg,iNaturalist / ArgentiNat API: observations
350685837,2026-04-11,2026-04-17T22:59:33-03:00,research,"Zárate, Provincia de Buenos Aires, Argentina",-34.0942062872,-59.0735540539,77363,Heliotropium amplexicaule,fragrant heliotrope,species,Plantae,basiliojimichtz,https://www.inaturalist.org/observations/350685837,https://inaturalist-open-data.s3.amazonaws.com/photos/639886433/medium.jpg,iNaturalist / ArgentiNat API: observations
358226100,2026-05-03,2026-05-04T05:43:19-03:00,research,"Avenida Illia, San Fernando del Valle de Catamarca, Catamarca, AR",-28.4613666667,-65.805375,871366,Vachellia aroma,,species,Plantae,analiab87,https://www.inaturalist.org/observations/358226100,https://inaturalist-open-data.s3.amazonaws.com/photos/653467909/medium.jpg,iNaturalist / ArgentiNat API: observations
357653463,2026-05-02,2026-05-02T17:24:51-03:00,research,"Berazategui, Provincia de Buenos Aires, Argentina",-34.7520976137,-58.1206231937,371186,Scutia buxifolia,,species,Plantae,damianzar,https://www.inaturalist.org/observations/357653463,https://inaturalist-open-data.s3.amazonaws.com/photos/652347695/medium.jpg,iNaturalist / ArgentiNat API: observations
357071266,2026-04-25,2026-05-01T01:41:12-03:00,research,"Magdalena, Provincia de Buenos Aires, Argentina",-34.9458269409,-57.671786255,163774,Hibiscus striatus,,species,Plantae,adrianbarboza,https://www.inaturalist.org/observations/357071266,https://inaturalist-open-data.s3.amazonaws.com/photos/651220336/medium.jpg,iNaturalist / ArgentiNat API: observations
357340605,2026-05-01,2026-05-01T20:13:23-03:00,research,"Punilla, Córdoba, Argentina",-31.1075694444,-64.49645,740103,Schinus fasciculata,,species,Plantae,gracieladangelo,https://www.inaturalist.org/observations/357340605,https://inaturalist-open-data.s3.amazonaws.com/photos/651744197/medium.jpg,iNaturalist / ArgentiNat API: observations
358123753,2026-05-02,2026-05-03T21:29:32-03:00,research,"Gral. Acha, La Pampa, Argentina",-37.3787589,-64.6036162,209781,Asclepias mellodora,,species,Plantae,danieloscarmolina,https://www.inaturalist.org/observations/358123753,https://inaturalist-open-data.s3.amazonaws.com/photos/653260503/medium.jpg,iNaturalist / ArgentiNat API: observations
358092488,2026-05-03,2026-05-03T19:43:39-03:00,research,"Avenida Illia, San Fernando del Valle de Catamarca, Catamarca, AR",-28.4615133333,-65.8091133333,447543,Larrea cuneifolia,,species,Plantae,analiab87,https://www.inaturalist.org/observations/358092488,https://inaturalist-open-data.s3.amazonaws.com/photos/653197435/medium.jpg,iNaturalist / ArgentiNat API: observations
356953935,2026-04-30,2026-04-30T17:16:48-03:00,research,"Monserrat, Cdad. Autónoma de Buenos Aires, Argentina",-34.6129078611,-58.3797331944,163871,Hydrocotyle bonariensis,largeleaf pennywort,species,Plantae,diegogallotti,https://www.inaturalist.org/observations/356953935,https://inaturalist-open-data.s3.amazonaws.com/photos/650988176/medium.jpg,iNaturalist / ArgentiNat API: observations
353907453,2026-04-25,2026-04-25T18:53:03-03:00,research,"Ñancu Lahuén, Bariloche, Río Negro, AR",-41.1670089048,-71.3232403435,407502,Nothofagus antarctica,Antarctic Beech,species,Plantae,vidalrussell,https://www.inaturalist.org/observations/353907453,https://inaturalist-open-data.s3.amazonaws.com/photos/645676225/medium.jpg,iNaturalist / ArgentiNat API: observations
356279837,2026-04-28,2026-04-28T19:26:39-03:00,research,"Tumbaya, AR-JY, AR",-23.7841994927,-65.4308071278,869971,Trichocereus atacamensis,,species,Plantae,cdanl2,https://www.inaturalist.org/observations/356279837,https://inaturalist-open-data.s3.amazonaws.com/photos/649716396/medium.jpg,iNaturalist / ArgentiNat API: observations
354057688,2026-04-25,2026-04-25T23:19:14-03:00,research,"Vicente López, Buenos Aires Province, Argentina",-34.5136109722,-58.469028,79077,Sida rhombifolia,Cuban jute,species,Plantae,naelin,https://www.inaturalist.org/observations/354057688,https://inaturalist-open-data.s3.amazonaws.com/photos/645903130/medium.jpg,iNaturalist / ArgentiNat API: observations
351308318,2026-04-19,2026-04-19T20:23:34-03:00,research,"Formosa, Argentina",-25.6885021997,-58.2347085,346357,Copernicia alba,Caranday Palm,species,Plantae,martin_ferrari_fsa,https://www.inaturalist.org/observations/351308318,https://inaturalist-open-data.s3.amazonaws.com/photos/641071302/medium.jpg,iNaturalist / ArgentiNat API: observations
349789983,2026-04-13,2026-04-14T12:25:50-03:00,research,"San Carlos de Bariloche, Río Negro, AR",-41.1217333333,-71.5050366667,465349,Empetrum rubrum,Diddle-dee,species,Plantae,pablokozodij,https://www.inaturalist.org/observations/349789983,https://inaturalist-open-data.s3.amazonaws.com/photos/638132889/medium.jpg,iNaturalist / ArgentiNat API: observations
344662839,2026-03-21,2026-03-23T09:16:05-03:00,research,"Circuito Chico Arturo Frondizi, San Carlos de Bariloche, Río Negro, AR",-41.0503195,-71.5645616667,410471,Alstroemeria aurea,Peruvian Lily,species,Plantae,brnhn,https://www.inaturalist.org/observations/344662839,https://inaturalist-open-data.s3.amazonaws.com/photos/628024859/medium.jpg,iNaturalist / ArgentiNat API: observations
356548924,2026-04-29,2026-04-29T13:40:01-03:00,research,"Los Hornos, Provincia de Buenos Aires, Argentina",-34.9931526111,-57.9945564167,479047,Cypella herbertii,Herbert's goblet flower,species,Plantae,marcodamico90,https://www.inaturalist.org/observations/356548924,https://inaturalist-open-data.s3.amazonaws.com/photos/650282435/medium.jpg,iNaturalist / ArgentiNat API: observations
357565002,2026-05-01,2026-05-02T13:20:38-03:00,research,"Villa Soldati, Cdad. Autónoma de Buenos Aires, Argentina",-34.6642366139,-58.461411266,431626,Solanum bonariense,,species,Plantae,diegogallotti,https://www.inaturalist.org/observations/357565002,https://inaturalist-open-data.s3.amazonaws.com/photos/652169869/medium.jpg,iNaturalist / ArgentiNat API: observations
352237365,2026-04-18,2026-04-23T09:34:04-03:00,research,"Mercedes, AR-CN, AR",-28.7231271026,-57.8130908603,410902,Aechmea distichantha,Brazilian vaseplant,species,Plantae,agustin_baltazar,https://www.inaturalist.org/observations/352237365,https://inaturalist-open-data.s3.amazonaws.com/photos/642890831/medium.jpg,iNaturalist / ArgentiNat API: observations
356524387,2026-04-29,2026-04-29T12:28:10-03:00,research,"FH74+9H, Cdad. Autónoma de Buenos Aires, Argentina",-34.53776,-58.4435266667,165140,Manihot grahamii,hardy tapioca,species,Plantae,aririri,https://www.inaturalist.org/observations/356524387,https://inaturalist-open-data.s3.amazonaws.com/photos/650173908/medium.jpg,iNaturalist / ArgentiNat API: observations
349126482,2026-04-11,2026-04-11T22:11:25-03:00,research,"K4700, Catamarca, Argentina",-28.5069666667,-65.82095,892085,Amphilophium carolinae,,species,Plantae,m-stanton,https://www.inaturalist.org/observations/349126482,https://inaturalist-open-data.s3.amazonaws.com/photos/636828507/medium.jpg,iNaturalist / ArgentiNat API: observations
353654143,2026-04-23,2026-04-25T13:21:43-03:00,research,"WQWJ+79, Mburucuyá, Corrientes, Argentina",-28.0544004508,-58.2185989246,52446,Enterolobium contortisiliquum,Pacara Earpod Tree,species,Plantae,rocio_chavez,https://www.inaturalist.org/observations/353654143,https://inaturalist-open-data.s3.amazonaws.com/photos/645236349/medium.jpg,iNaturalist / ArgentiNat API: observations
354632217,2026-04-26,2026-04-26T15:46:48-03:00,research,"Ruta Provincial 173, km 28,8, Valle Grande, M5600 San Rafael, Mendoza, Argentina",-34.8349682488,-68.5161522031,447706,Hyalis argentea,,species,Plantae,acalvo92,https://www.inaturalist.org/observations/354632217,https://inaturalist-open-data.s3.amazonaws.com/photos/646901642/medium.jpg,iNaturalist / ArgentiNat API: observations
357615861,2026-05-02,2026-05-02T15:43:22-03:00,research,"Maracó, La Pampa, Argentina",-35.7241481,-63.8415876667,1493114,Neltuma caldenia,calden,species,Plantae,hugoalbertovalderrey,https://www.inaturalist.org/observations/357615861,https://inaturalist-open-data.s3.amazonaws.com/photos/652275109/medium.jpg,iNaturalist / ArgentiNat API: observations
358073512,2026-05-03,2026-05-03T18:45:22-03:00,research,"Coronel Suárez, Provincia de Buenos Aires, Argentina",-37.2032494997,-61.768616,169078,Solanum pseudocapsicum,Jerusalem cherry,species,Plantae,sandrawilliams,https://www.inaturalist.org/observations/358073512,https://inaturalist-open-data.s3.amazonaws.com/photos/653309246/medium.jpg,iNaturalist / ArgentiNat API: observations
358052753,2026-05-03,2026-05-03T17:46:40-03:00,research,"Triunvirato 7860, B1682 Billinghurst, Provincia de Buenos Aires, Argentina",-34.569593,-58.5857485,146643,Canna indica,Indian shot,species,Plantae,franco_montano,https://www.inaturalist.org/observations/358052753,https://inaturalist-open-data.s3.amazonaws.com/photos/653119056/medium.jpg,iNaturalist / ArgentiNat API: observations
352156305,2026-04-22,2026-04-22T23:27:51-03:00,research,"General Roca, AR-RN, AR",-37.83903548,-67.73707792,498893,Larrea nitida,,species,Plantae,veonatura,https://www.inaturalist.org/observations/352156305,https://inaturalist-open-data.s3.amazonaws.com/photos/642733310/medium.jpg,iNaturalist / ArgentiNat API: observations
355650912,2026-04-27,2026-04-27T17:34:53-03:00,research,"Corrientes, Argentina",-27.4857203374,-58.7623735517,223926,Lippia alba,Bushy Lippia,species,Plantae,maira_leiva,https://www.inaturalist.org/observations/355650912,https://inaturalist-open-data.s3.amazonaws.com/photos/648583764/medium.jpg,iNaturalist / ArgentiNat API: observations
358316231,2026-05-03,2026-05-04T12:40:31-03:00,research,"Tigre, Provincia de Buenos Aires, Argentina",-34.353451651,-58.5934748501,603333,Tessaria integrifolia,,species,Plantae,zombiewoof,https://www.inaturalist.org/observations/358316231,https://inaturalist-open-data.s3.amazonaws.com/photos/653643399/medium.jpg,iNaturalist / ArgentiNat API: observations
353596023,2026-04-25,2026-04-25T12:10:49-03:00,research,"Navarro, Provincia de Buenos Aires, Argentina",-35.0072880922,-59.2908719927,424094,Senecio bonariensis,,species,Plantae,arigrunfeld,https://www.inaturalist.org/observations/353596023,https://inaturalist-open-data.s3.amazonaws.com/photos/645140679/medium.jpg,iNaturalist / ArgentiNat API: observations
349802682,2026-04-13,2026-04-14T13:18:10-03:00,research,"San Carlos de Bariloche, Río Negro, AR",-41.1264833333,-71.5082866667,403954,Misodendrum punctulatum,false mistletoe,species,Plantae,pablokozodij,https://www.inaturalist.org/observations/349802682,https://inaturalist-open-data.s3.amazonaws.com/photos/638157299/medium.jpg,iNaturalist / ArgentiNat API: observations
353831007,2026-04-25,2026-04-25T17:01:21-03:00,research,"Luján de Cuyo, AR-MZ, AR",-33.04992675,-68.938591,78571,Physalis viscosa,grape groundcherry,species,Plantae,jbb-bender,https://www.inaturalist.org/observations/353831007,https://inaturalist-open-data.s3.amazonaws.com/photos/645538574/medium.jpg,iNaturalist / ArgentiNat API: observations
349782396,2026-04-13,2026-04-14T11:50:41-03:00,research,"Sendero Refugio Italia + Laguna Negra, San Carlos de Bariloche, Río Negro, AR",-41.1060195,-71.5197133333,163112,Fuchsia magellanica,Hardy Fuchsia,species,Plantae,pablokozodij,https://www.inaturalist.org/observations/349782396,https://inaturalist-open-data.s3.amazonaws.com/photos/638118948/medium.jpg,iNaturalist / ArgentiNat API: observations
358084645,2026-05-03,2026-05-03T19:18:22-03:00,research,"B1896 Villa Elisa, Provincia de Buenos Aires, Argentina",-34.8680509,-58.0734594,450291,Baccharis trimera,,species,Plantae,eckerd,https://www.inaturalist.org/observations/358084645,https://inaturalist-open-data.s3.amazonaws.com/photos/653181007/medium.jpg,iNaturalist / ArgentiNat API: observations
351551933,2026-04-20,2026-04-20T17:31:14-03:00,research,"Villa Mercedes, San Luis, Argentina",-33.6743310898,-65.4785240069,139568,Bauhinia forficata,Brazilian orchid tree,species,Plantae,lampacito,https://www.inaturalist.org/observations/351551933,https://inaturalist-open-data.s3.amazonaws.com/photos/641552297/medium.jpg,iNaturalist / ArgentiNat API: observations
358023211,2026-05-03,2026-05-03T16:26:48-03:00,research,"General Juan Gregorio de Las Heras, Vicente López, Buenos Aires Province, AR",-34.5375366667,-58.492795,859285,Solanum amygdalifolium,,species,Plantae,naturaleza_silvestre,https://www.inaturalist.org/observations/358023211,https://static.inaturalist.org/photos/653061977/medium.jpg,iNaturalist / ArgentiNat API: observations
354080768,2026-04-25,2026-04-26T00:03:18-03:00,research,"Islas del Ibicuy, Entre Ríos, Argentina",-33.6028780807,-58.7551469216,872365,Aspilia silphioides,,species,Plantae,franco_montano,https://www.inaturalist.org/observations/354080768,https://inaturalist-open-data.s3.amazonaws.com/photos/645986914/medium.jpg,iNaturalist / ArgentiNat API: observations
351185264,2026-04-19,2026-04-19T13:45:18-03:00,research,"Carlos Saavedra Lamas, Pilar, Buenos Aires Province, AR",-34.4157366667,-58.8726633333,545573,Araujia odorata,Latexplant,species,Plantae,obernardot,https://www.inaturalist.org/observations/351185264,https://static.inaturalist.org/photos/640831537/medium.jpg,iNaturalist / ArgentiNat API: observations
357595028,2026-05-02,2026-05-02T14:45:59-03:00,research,"7HRF+34, Anisacate, Córdoba, Argentina",-31.7100446764,-64.4283517543,133291,Rivina humilis,pigeonberry,species,Plantae,elchicodelvivero,https://www.inaturalist.org/observations/357595028,https://inaturalist-open-data.s3.amazonaws.com/photos/652236418/medium.jpg,iNaturalist / ArgentiNat API: observations
358136142,2026-05-02,2026-05-03T22:16:58-03:00,research,"Entre Ríos, AR",-33.0022416667,-58.6597116667,880795,Urolepis hecatantha,,species,Plantae,pedrooppen,https://www.inaturalist.org/observations/358136142,https://inaturalist-open-data.s3.amazonaws.com/photos/653287145/medium.jpg,iNaturalist / ArgentiNat API: observations
357995925,2026-05-03,2026-05-03T15:13:43-03:00,research,"Escobar, Buenos Aires Province, AR",-34.3036389887,-58.7402691302,78589,Pistia stratiotes,Water Lettuce,species,Plantae,poliqueta,https://www.inaturalist.org/observations/357995925,https://inaturalist-open-data.s3.amazonaws.com/photos/653009987/medium.jpg,iNaturalist / ArgentiNat API: observations
349610984,2026-04-13,2026-04-13T17:48:14-03:00,research,"Belén, Catamarca, Argentina",-26.8813622,-66.7334440997,129847,Denmoza rhodacantha,,species,Plantae,priscila_ana,https://www.inaturalist.org/observations/349610984,https://static.inaturalist.org/photos/637787012/medium.jpg,iNaturalist / ArgentiNat API: observations
353922563,2026-04-10,2026-04-25T19:18:51-03:00,research,"Bariloche, AR-RN, AR",-41.1431971667,-71.31378,77844,Luma apiculata,arrayan,species,Plantae,vidalrussell,https://www.inaturalist.org/observations/353922563,https://inaturalist-open-data.s3.amazonaws.com/photos/645704013/medium.jpg,iNaturalist / ArgentiNat API: observations
355478557,2026-04-27,2026-04-27T13:53:22-03:00,research,"Calle 446, La Plata, Buenos Aires Province, AR",-34.87043,-58.0804638333,79382,Tradescantia fluminensis,small-leaf spiderwort,species,Plantae,cactusauria,https://www.inaturalist.org/observations/355478557,https://inaturalist-open-data.s3.amazonaws.com/photos/648294222/medium.jpg,iNaturalist / ArgentiNat API: observations
356089576,2026-04-27,2026-04-28T11:10:53-03:00,research,"Vial Costero Raúl Alfonsín, Vicente López, Buenos Aires Province, AR",-34.5205633333,-58.4689133333,168837,Senna corymbosa,Argentine Senna,species,Plantae,olivialabale,https://www.inaturalist.org/observations/356089576,https://inaturalist-open-data.s3.amazonaws.com/photos/649367301/medium.jpg,iNaturalist / ArgentiNat API: observations
347498839,2026-04-04,2026-04-05T08:26:27-03:00,research,"Tierra del Fuego National Park, AR-TF-US, AR-TF, AR",-54.8592983333,-68.5649483333,218501,Blechnum penna-marina,little hard fern,species,Plantae,pablo_jusim,https://www.inaturalist.org/observations/347498839,https://inaturalist-open-data.s3.amazonaws.com/photos/633613133/medium.jpg,iNaturalist / ArgentiNat API: observations
358472285,2026-05-04,2026-05-04T21:54:32-03:00,research,"WF5M+WR, La Falda, Córdoba, Argentina",-31.0883861111,-64.515175,130175,Hyptis mutabilis,Tropical Bushmint,species,Plantae,gracieladangelo,https://www.inaturalist.org/observations/358472285,https://inaturalist-open-data.s3.amazonaws.com/photos/653945354/medium.jpg,iNaturalist / ArgentiNat API: observations
357531064,2026-05-02,2026-05-02T11:46:05-03:00,research,"V9410 Ushuaia, Tierra del Fuego, Argentina",-54.82394731,-68.35572463,447545,Nothofagus betuloides,Magellanic beech,species,Plantae,marreginas,https://www.inaturalist.org/observations/357531064,https://inaturalist-open-data.s3.amazonaws.com/photos/652115341/medium.jpg,iNaturalist / ArgentiNat API: observations
352437308,2026-04-22,2026-04-23T22:36:37-03:00,research,"San Luis, AR",-32.2489632458,-66.9633778668,482060,Cyclolepis genistoides,,species,Plantae,siemprevivanature,https://www.inaturalist.org/observations/352437308,https://inaturalist-open-data.s3.amazonaws.com/photos/643263881/medium.jpg,iNaturalist / ArgentiNat API: observations
358085328,2026-05-03,2026-05-03T19:20:39-03:00,research,"Colón, Entre Ríos, Argentina",-32.2636545639,-58.1205611389,563934,Baccharis dracunculifolia,,species,Plantae,alejandra43579,https://www.inaturalist.org/observations/358085328,https://static.inaturalist.org/photos/653183111/medium.jpg,iNaturalist / ArgentiNat API: observations
357901680,2026-05-03,2026-05-03T10:53:08-03:00,research,"Camino Parque Centenario 2072, B1896 Villa Elisa, Provincia de Buenos Aires, Argentina",-34.86201596,-58.06755933,866204,Grindelia pulchella,,species,Plantae,emil_facundo,https://www.inaturalist.org/observations/357901680,https://inaturalist-open-data.s3.amazonaws.com/photos/652833102/medium.jpg,iNaturalist / ArgentiNat API: observations
348682060,2026-04-09,2026-04-10T06:55:55-03:00,research,"Sebastián Elcano 630-700, B1641 Acassuso, Provincia de Buenos Aires, Argentina",-34.471007,-58.4947342,584095,Dolichandra unguis-cati,Catclaw vine,species,Plantae,verdecernativo,https://www.inaturalist.org/observations/348682060,https://static.inaturalist.org/photos/635959718/medium.jpg,iNaturalist / ArgentiNat API: observations
347887389,2026-04-05,2026-04-06T16:16:36-03:00,research,"San Javier, Córdoba, Argentina",-32.1435489881,-65.0449519374,543076,Nierembergia linariifolia,dwarf cupflower,species,Plantae,guillenotario,https://www.inaturalist.org/observations/347887389,https://inaturalist-open-data.s3.amazonaws.com/photos/634377505/medium.jpg,iNaturalist / ArgentiNat API: observations
334973769,2026-01-16,2026-01-16T16:00:47-03:00,research,"RG8H+RV, X5864 Villa Rumipal, Córdoba, Argentina",-32.1836361111,-64.4713694444,525588,Modiolastrum gilliesii,,species,Plantae,mdnijamin,https://www.inaturalist.org/observations/334973769,https://static.inaturalist.org/photos/608433033/medium.jpg,iNaturalist / ArgentiNat API: observations
357203952,2026-05-01,2026-05-01T12:46:42-03:00,research,"G8QR+3G, Santa Ana de los Guácaras, Corrientes, Argentina",-27.4646466667,-58.65831,280109,Campuloclinium macrocephalum,Pompom Weed,species,Plantae,maximo_alexis,https://www.inaturalist.org/observations/357203952,https://inaturalist-open-data.s3.amazonaws.com/photos/651475235/medium.jpg,iNaturalist / ArgentiNat API: observations
357287806,2026-05-01,2026-05-01T17:02:24-03:00,research,"Concordia, Entre Ríos, Argentina",-31.3710861111,-58.0607194444,460752,Allophylus edulis,cocum,species,Plantae,ariantonio74,https://www.inaturalist.org/observations/357287806,https://inaturalist-open-data.s3.amazonaws.com/photos/651637939/medium.jpg,iNaturalist / ArgentiNat API: observations
349617256,2026-04-13,2026-04-13T18:14:42-03:00,research,"Ushuaia, Tierra del Fuego, Argentina",-54.7874725651,-68.3938407898,1138435,Armeria curvifolia,Curved-leaved thrift,species,Plantae,zorflor,https://www.inaturalist.org/observations/349617256,https://inaturalist-open-data.s3.amazonaws.com/photos/637798053/medium.jpg,iNaturalist / ArgentiNat API: observations
356208776,2026-04-28,2026-04-28T16:17:21-03:00,research,"Gualeguaychú, Entre Ríos, Argentina",-32.9901607558,-58.5435063019,424164,Jaborosa runcinata,,species,Plantae,aguscolla,https://www.inaturalist.org/observations/356208776,https://inaturalist-open-data.s3.amazonaws.com/photos/649588776/medium.jpg,iNaturalist / ArgentiNat API: observations
358074049,2026-05-03,2026-05-03T18:47:10-03:00,research,"Villa Elisa, Provincia de Buenos Aires, Argentina",-34.8700927534,-58.07371217,346173,Salvia guaranitica,Anise-scented sage,species,Plantae,eckerd,https://www.inaturalist.org/observations/358074049,https://inaturalist-open-data.s3.amazonaws.com/photos/653160260/medium.jpg,iNaturalist / ArgentiNat API: observations
347941996,2026-04-04,2026-04-06T20:06:15-03:00,research,"Parque Nacional Lihué Calel, La Pampa, Argentina",-38.0053902,-65.576475,55405,Petunia axillaris,large white petunia,species,Plantae,danieloscarmolina,https://www.inaturalist.org/observations/347941996,https://inaturalist-open-data.s3.amazonaws.com/photos/634486631/medium.jpg,iNaturalist / ArgentiNat API: observations
354699070,2026-04-26,2026-04-26T17:10:22-03:00,research,"Parque Nacional Nahuel Huapi, Av. San Martín 24 - San Carlos de Bariloche R8400ALN, Río Negro, Argentina",-41.3538540997,-71.7483057,429196,Mutisia spinosa,black queen,species,Plantae,gnearns,https://www.inaturalist.org/observations/354699070,https://inaturalist-open-data.s3.amazonaws.com/photos/647018324/medium.jpg,iNaturalist / ArgentiNat API: observations
344921904,2026-03-23,2026-03-24T13:45:19-03:00,research,"Islas del Ibicuy, Entre Ríos, Argentina",-33.4980972222,-58.7837055556,867130,Lycium boerhaviifolium,desert plum,species,Plantae,fchieffo,https://www.inaturalist.org/observations/344921904,https://inaturalist-open-data.s3.amazonaws.com/photos/628504165/medium.jpg,iNaturalist / ArgentiNat API: observations
358049281,2026-05-03,2026-05-03T17:37:21-03:00,research,"Triunvirato 7934, B1682 Billinghurst, Provincia de Buenos Aires, Argentina",-34.5707778,-58.5881333,75727,Baccharis glutinosa,marsh baccharis,species,Plantae,franco_montano,https://www.inaturalist.org/observations/358049281,https://inaturalist-open-data.s3.amazonaws.com/photos/653112646/medium.jpg,iNaturalist / ArgentiNat API: observations
358431264,2026-05-04,2026-05-04T19:00:33-03:00,research,"Chacabuco, AR-SL, AR",-32.6363538833,-64.9516470333,528837,Baccharis articulata,,species,Plantae,hugoalbertovalderrey,https://www.inaturalist.org/observations/358431264,https://inaturalist-open-data.s3.amazonaws.com/photos/653864553/medium.jpg,iNaturalist / ArgentiNat API: observations
347843572,2026-03-13,2026-04-06T13:28:46-03:00,research,"Huiliches Department, Neuquén Province, Argentina",-39.7445745347,-71.5223162048,126404,Araucaria araucana,monkey-puzzle,species,Plantae,jimmylegs,https://www.inaturalist.org/observations/347843572,https://inaturalist-open-data.s3.amazonaws.com/photos/634275665/medium.jpg,iNaturalist / ArgentiNat API: observations
354682462,2026-04-26,2026-04-26T16:49:45-03:00,research,"Neuquén, AR",-40.1316968818,-71.3726120281,823355,Adesmia boronioides,,species,Plantae,leandro2020,https://www.inaturalist.org/observations/354682462,https://inaturalist-open-data.s3.amazonaws.com/photos/646981521/medium.jpg,iNaturalist / ArgentiNat API: observations
358176843,2026-05-02,2026-05-04T01:01:58-03:00,research,Argentina,-26.482440822,-66.1013989399,870252,Trichocereus terscheckii,Argentine Saguaro,species,Plantae,vicogm,https://www.inaturalist.org/observations/358176843,https://inaturalist-open-data.s3.amazonaws.com/photos/653370139/medium.jpg,iNaturalist / ArgentiNat API: observations
358028174,2026-05-03,2026-05-03T16:40:27-03:00,research,"Chamical, La Rioja, AR",-30.48257,-66.2803583333,539113,Lycium cestroides,Herzog cestrum,species,Plantae,gerrojas_rojas,https://www.inaturalist.org/observations/358028174,https://static.inaturalist.org/photos/653072067/medium.jpg,iNaturalist / ArgentiNat API: observations
358010310,2026-05-03,2026-05-03T15:53:30-03:00,research,"Los Jazmines, 9 de Julio, Buenos Aires Province, AR",-35.4901583333,-60.8635633333,544478,Sambucus australis,,species,Plantae,franciscorastelli,https://www.inaturalist.org/observations/358010310,https://inaturalist-open-data.s3.amazonaws.com/photos/653037796/medium.jpg,iNaturalist / ArgentiNat API: observations
352465226,2026-04-22,2026-04-24T00:23:24-03:00,research,"Rivadavia, Mendoza, Argentina",-33.3098301806,-68.5023122556,79359,Thymophylla pentachaeta,Parralena,species,Plantae,quentinvdm,https://www.inaturalist.org/observations/352465226,https://inaturalist-open-data.s3.amazonaws.com/photos/643307657/medium.jpg,iNaturalist / ArgentiNat API: observations
345394297,2026-03-26,2026-03-26T22:25:12-03:00,research,"Buenos Aires, CABA, AR",-34.537,-58.4446216667,557627,Eryngium horridum,,species,Plantae,brnhn,https://www.inaturalist.org/observations/345394297,https://inaturalist-open-data.s3.amazonaws.com/photos/629447889/medium.jpg,iNaturalist / ArgentiNat API: observations
358086047,2026-05-02,2026-05-03T19:22:44-03:00,research,"Gral. Acha, La Pampa, Argentina",-37.3787589,-64.6036162,427727,Glandularia tenera,Latin American Mock Vervain,species,Plantae,danieloscarmolina,https://www.inaturalist.org/observations/358086047,https://inaturalist-open-data.s3.amazonaws.com/photos/653184310/medium.jpg,iNaturalist / ArgentiNat API: observations
358327611,2026-05-03,2026-05-04T13:19:03-03:00,research,"Villa Elisa, Provincia de Buenos Aires, Argentina",-34.870624445,-58.0754619298,484056,Baccharis notosergila,,species,Plantae,martin_arregui,https://www.inaturalist.org/observations/358327611,https://inaturalist-open-data.s3.amazonaws.com/photos/653665785/medium.jpg,iNaturalist / ArgentiNat API: observations
357966642,2026-05-03,2026-05-03T13:55:44-03:00,research,"Puerto Madero, Cdad. Autónoma de Buenos Aires, Argentina",-34.6111001,-58.3575591,168866,Sesbania virgata,wand riverhemp,species,Plantae,arigrunfeld,https://www.inaturalist.org/observations/357966642,https://inaturalist-open-data.s3.amazonaws.com/photos/652955399/medium.jpg,iNaturalist / ArgentiNat API: observations
357564996,2026-05-01,2026-05-02T13:20:37-03:00,research,"Villa Soldati, Cdad. Autónoma de Buenos Aires, Argentina",-34.6620657685,-58.4645011708,209991,Salix humboldtiana,Humboldt's Willow,species,Plantae,diegogallotti,https://www.inaturalist.org/observations/357564996,https://inaturalist-open-data.s3.amazonaws.com/photos/652169836/medium.jpg,iNaturalist / ArgentiNat API: observations
358085706,2026-05-03,2026-05-03T19:21:39-03:00,research,"RN40, La Rioja, Argentina",-29.3441219167,-67.7351608056,71230,Tessaria absinthioides,,species,Plantae,arapanza,https://www.inaturalist.org/observations/358085706,https://inaturalist-open-data.s3.amazonaws.com/photos/653183783/medium.jpg,iNaturalist / ArgentiNat API: observations
342635708,2026-03-12,2026-03-12T18:10:39-03:00,research,"Camino Playa Larga, Tierra del Fuego, AR",-54.8054166667,-68.2191616667,465229,Ribes magellanicum,Patagonian wild currant,species,Plantae,betsysnow,https://www.inaturalist.org/observations/342635708,https://inaturalist-open-data.s3.amazonaws.com/photos/623997044/medium.jpg,iNaturalist / ArgentiNat API: observations
352401678,2026-04-23,2026-04-23T20:16:29-03:00,research,"Gualeguaychú, Entre Ríos, Argentina",-33.0110797741,-58.4892955005,78233,Nothoscordum gracile,Onion Weed,species,Plantae,gustavopuente,https://www.inaturalist.org/observations/352401678,https://inaturalist-open-data.s3.amazonaws.com/photos/643196026/medium.jpg,iNaturalist / ArgentiNat API: observations
358098031,2026-05-03,2026-05-03T20:01:13-03:00,research,"Mercedes, Corrientes, Argentina",-28.5548719722,-57.215034,790108,Araujia angustifolia,,species,Plantae,pablohcapovilla,https://www.inaturalist.org/observations/358098031,https://inaturalist-open-data.s3.amazonaws.com/photos/653208878/medium.jpg,iNaturalist / ArgentiNat API: observations
350134681,2026-04-14,2026-04-15T20:01:31-03:00,research,"Sendero Villa Catedral - Refugio Frey, Río Negro, AR",-41.1996466667,-71.4365216667,428960,Mutisia decurrens,carnation of the field,species,Plantae,hdyer1989,https://www.inaturalist.org/observations/350134681,https://inaturalist-open-data.s3.amazonaws.com/photos/638802656/medium.jpg,iNaturalist / ArgentiNat API: observations
347043237,2026-04-03,2026-04-03T14:40:47-03:00,research,"Tierra del Fuego, Ushuaia, Tierra del Fuego, AR",-54.8104987791,-68.3445095432,465228,Gunnera magellanica,Pigvine,species,Plantae,naturedocentintraining,https://www.inaturalist.org/observations/347043237,https://inaturalist-open-data.s3.amazonaws.com/photos/632705291/medium.jpg,iNaturalist / ArgentiNat API: observations
358049408,2026-05-03,2026-05-03T17:37:33-03:00,research,"Triunvirato 7934, B1682 Billinghurst, Provincia de Buenos Aires, Argentina",-34.5707778,-58.5881333,131169,Mikania cordifolia,Florida Keys Hempvine,species,Plantae,franco_montano,https://www.inaturalist.org/observations/358049408,https://inaturalist-open-data.s3.amazonaws.com/photos/653112801/medium.jpg,iNaturalist / ArgentiNat API: observations
358423180,2026-05-04,2026-05-04T18:30:45-03:00,research,"Ramallo, Provincia de Buenos Aires, Argentina",-33.4470367222,-60.0567283611,52355,Pavonia hastata,Spearleaf Swampmallow,species,Plantae,leogsantoro,https://www.inaturalist.org/observations/358423180,https://static.inaturalist.org/photos/653848603/medium.jpg,iNaturalist / ArgentiNat API: observations
350913426,2026-04-18,2026-04-18T16:58:06-03:00,research,"Isla Martín García, Provincia de Buenos Aires, Argentina",-34.1857283315,-58.2547571138,57805,Oxalis articulata,pink-sorrel,species,Plantae,florencia20073,https://www.inaturalist.org/observations/350913426,https://inaturalist-open-data.s3.amazonaws.com/photos/640315610/medium.jpg,iNaturalist / ArgentiNat API: observations
351166109,2026-04-19,2026-04-19T12:48:03-03:00,research,Argentina,-34.4940430214,-58.3147286701,1493104,Neltuma alba,White Carob Tree,species,Plantae,diegogallotti,https://www.inaturalist.org/observations/351166109,https://inaturalist-open-data.s3.amazonaws.com/photos/640793730/medium.jpg,iNaturalist / ArgentiNat API: observations
356209411,2026-04-28,2026-04-28T16:18:57-03:00,research,"Gualeguaychú, Entre Ríos, Argentina",-32.9899923063,-58.5436554998,967278,Baccharis punctulata,,species,Plantae,aguscolla,https://www.inaturalist.org/observations/356209411,https://inaturalist-open-data.s3.amazonaws.com/photos/649589738/medium.jpg,iNaturalist / ArgentiNat API: observations
352102963,2026-04-22,2026-04-22T19:01:58-03:00,research,"4PFV+QX, X5284 Santa Ana, Córdoba, Argentina",-30.8756253864,-65.2556012571,443965,Stetsonia coryne,Toothpick Cactus,species,Plantae,maxifechen,https://www.inaturalist.org/observations/352102963,https://inaturalist-open-data.s3.amazonaws.com/photos/642624493/medium.jpg,iNaturalist / ArgentiNat API: observations
351493813,2026-04-20,2026-04-20T13:51:48-03:00,research,"Orán, Salta, Argentina",-22.6800032997,-64.4823619997,48363,Tecoma stans,yellow trumpet flower,species,Plantae,marivfenoglio,https://www.inaturalist.org/observations/351493813,https://static.inaturalist.org/photos/641445124/medium.jpg,iNaturalist / ArgentiNat API: observations
357750438,2026-05-02,2026-05-02T22:44:44-03:00,research,"Victoria, AR-ER, AR",-32.8825616667,-60.6332416667,84043,Solanum palinacanthum,,species,Plantae,nicokayak,https://www.inaturalist.org/observations/357750438,https://inaturalist-open-data.s3.amazonaws.com/photos/652540593/medium.jpg,iNaturalist / ArgentiNat API: observations
351591758,2026-04-19,2026-04-20T20:30:40-03:00,research,"Pereyra, Provincia de Buenos Aires, Argentina",-34.8209809563,-58.1057248061,862010,Stigmaphyllon bonariense,,species,Plantae,eckerd,https://www.inaturalist.org/observations/351591758,https://inaturalist-open-data.s3.amazonaws.com/photos/641630323/medium.jpg,iNaturalist / ArgentiNat API: observations
353500983,2026-04-25,2026-04-25T10:01:28-03:00,research,"Venezuela 200, X5000 Córdoba, Argentina",-31.4333305278,-64.1895370278,57354,Schinus molle,Peruvian Pepper Tree,species,Plantae,agustin_victoriano,https://www.inaturalist.org/observations/353500983,https://inaturalist-open-data.s3.amazonaws.com/photos/644990596/medium.jpg,iNaturalist / ArgentiNat API: observations
353837991,2026-04-25,2026-04-25T17:11:48-03:00,research,"Puerto Madero, Cdad. Autónoma de Buenos Aires, Argentina",-34.5966074873,-58.3598339159,898657,Senegalia bonariensis,,species,Plantae,diegogallotti,https://www.inaturalist.org/observations/353837991,https://inaturalist-open-data.s3.amazonaws.com/photos/645545002/medium.jpg,iNaturalist / ArgentiNat API: observations
353661179,2026-04-22,2026-04-25T13:29:51-03:00,research,"Acceso al cerrito, Mercedes, Corrientes, AR",-28.5457761404,-57.1952969989,79291,Syagrus romanzoffiana,Queen palm,species,Plantae,taticamino_07,https://www.inaturalist.org/observations/353661179,https://inaturalist-open-data.s3.amazonaws.com/photos/645246812/medium.jpg,iNaturalist / ArgentiNat API: observations
351795140,2026-04-21,2026-04-21T16:18:15-03:00,research,"3P49+JQ, Ascochinga, Córdoba, Argentina",-30.9448856239,-64.2808667198,165115,Malvastrum coromandelianum,three-lobe false mallow,species,Plantae,iarazizzamia,https://www.inaturalist.org/observations/351795140,https://inaturalist-open-data.s3.amazonaws.com/photos/642027813/medium.jpg,iNaturalist / ArgentiNat API: observations
357654198,2026-05-02,2026-05-02T17:26:45-03:00,research,"Berazategui, Provincia de Buenos Aires, Argentina",-34.7521916667,-58.1204233333,430728,Blepharocalyx salicifolius,,species,Plantae,damianzar,https://www.inaturalist.org/observations/357654198,https://inaturalist-open-data.s3.amazonaws.com/photos/652348967/medium.jpg,iNaturalist / ArgentiNat API: observations
357264961,2026-04-30,2026-05-01T15:52:04-03:00,research,"Sociedad Rural Argentina (Buenos Aires Bus), C1425 Cdad. Autónoma de Buenos Aires, Argentina",-34.5791749722,-58.4168039722,164032,Ibicella lutea,Yellow Unicorn-plant,species,Plantae,ignaciocostagliola,https://www.inaturalist.org/observations/357264961,https://inaturalist-open-data.s3.amazonaws.com/photos/651593757/medium.jpg,iNaturalist / ArgentiNat API: observations
358151996,2026-05-03,2026-05-03T23:15:41-03:00,research,"San Justo, Córdoba, Argentina",-31.4246558002,-62.1270515397,56822,Bowlesia incana,hoary bowlesia,species,Plantae,jugandoapokemon,https://www.inaturalist.org/observations/358151996,https://inaturalist-open-data.s3.amazonaws.com/photos/653321156/medium.jpg,iNaturalist / ArgentiNat API: observations
349901715,2026-04-06,2026-04-14T20:47:50-03:00,research,"El Palmar, Colón, Entre Ríos, Argentina",-31.8911441,-58.2417458997,364987,Butia yatay,yatay palm,species,Plantae,c4m1l0,https://www.inaturalist.org/observations/349901715,https://inaturalist-open-data.s3.amazonaws.com/photos/638317344/medium.jpg,iNaturalist / ArgentiNat API: observations
349251686,2026-04-10,2026-04-12T11:46:57-03:00,research,"San Cayetano, Corrientes, Argentina",-27.5529295802,-58.6800917611,965730,Glandularia tweedieana,,species,Plantae,emilcezunildablanco,https://www.inaturalist.org/observations/349251686,https://inaturalist-open-data.s3.amazonaws.com/photos/637075821/medium.jpg,iNaturalist / ArgentiNat API: observations
344196859,2026-03-19,2026-03-21T12:42:24-03:00,research,"Alto Jaguel, La Rioja, Argentina",-28.6633426917,-68.3856772361,1493099,Strombocarpa strombulifera,argentine screwbean,species,Plantae,stefirevol,https://www.inaturalist.org/observations/344196859,https://inaturalist-open-data.s3.amazonaws.com/photos/627113511/medium.jpg,iNaturalist / ArgentiNat API: observations
342668598,2026-03-12,2026-03-12T22:23:47-03:00,research,"Tierra del Fuego, Ushuaia, Tierra del Fuego, AR",-54.7809033333,-68.2556916667,712404,Gavilea lutea,Yellow Ground Orchid,species,Plantae,thenatureeducator,https://www.inaturalist.org/observations/342668598,https://inaturalist-open-data.s3.amazonaws.com/photos/624062490/medium.jpg,iNaturalist / ArgentiNat API: observations
348819509,2026-04-04,2026-04-10T19:14:51-03:00,research,"Palermo, Cdad. Autónoma de Buenos Aires, Argentina",-34.5830121033,-58.4160568733,439590,Lepismium lumbricoides,,species,Plantae,diegogallotti,https://www.inaturalist.org/observations/348819509,https://inaturalist-open-data.s3.amazonaws.com/photos/636223522/medium.jpg,iNaturalist / ArgentiNat API: observations
358097421,2026-05-03,2026-05-03T19:59:36-03:00,research,"Mountainbike, San Fernando del Valle de Catamarca, Catamarca, AR",-28.4595,-65.8078216667,156145,Atamisquea emarginata,Desert Caper,species,Plantae,analiab87,https://www.inaturalist.org/observations/358097421,https://inaturalist-open-data.s3.amazonaws.com/photos/653207584/medium.jpg,iNaturalist / ArgentiNat API: observations
358059583,2026-05-01,2026-05-03T18:06:09-03:00,research,"B1622, Provincia de Buenos Aires, Argentina",-34.35759,-58.682498,868921,Ludwigia elegans,,species,Plantae,lechuzoologo,https://www.inaturalist.org/observations/358059583,https://inaturalist-open-data.s3.amazonaws.com/photos/653133320/medium.jpg,iNaturalist / ArgentiNat API: observations
353159908,2026-04-23,2026-04-24T21:34:35-03:00,research,"La Granja, Córdoba, AR",-30.9698,-64.29055,841141,Lantana megapotamica,,species,Plantae,blueeyeslacewing,https://www.inaturalist.org/observations/353159908,https://inaturalist-open-data.s3.amazonaws.com/photos/644428691/medium.jpg,iNaturalist / ArgentiNat API: observations
351581691,2026-04-18,2026-04-20T19:43:10-03:00,research,"Luján de Cuyo, Mendoza, Argentina",-33.0361304997,-69.3372198997,461583,Berberis empetrifolia,,species,Plantae,quentinvdm,https://www.inaturalist.org/observations/351581691,https://inaturalist-open-data.s3.amazonaws.com/photos/641611123/medium.jpg,iNaturalist / ArgentiNat API: observations
352033221,2026-04-22,2026-04-22T14:20:57-03:00,research,"Reserva Ecológica Ciudad Universitaria-Costanera Norte, Intendente Güiraldes 2160, Buenos Aires, C1704 Cdad. Autónoma de Buenos Aires, Argentina",-34.5369889722,-58.444574,202635,Hypochaeris albiflora,white flatweed,species,Plantae,ignaciocostagliola,https://www.inaturalist.org/observations/352033221,https://inaturalist-open-data.s3.amazonaws.com/photos/642489666/medium.jpg,iNaturalist / ArgentiNat API: observations
358406337,2026-05-02,2026-05-04T17:31:35-03:00,research,"Rosario, Santa Fe, Argentina",-32.9500832203,-60.7921754569,64179,Verbena litoralis,Seashore vervain,species,Plantae,juli_ame,https://www.inaturalist.org/observations/358406337,https://inaturalist-open-data.s3.amazonaws.com/photos/653816898/medium.jpg,iNaturalist / ArgentiNat API: observations
356614261,2026-04-19,2026-04-29T16:58:24-03:00,research,"Parque Nacional Iberá, Mercedes, Corrientes, AR",-28.5562508087,-57.2162451878,479950,Tabernaemontana catharinensis,,species,Plantae,mauro_rios1,https://www.inaturalist.org/observations/356614261,https://static.inaturalist.org/photos/650342589/medium.jpg,iNaturalist / ArgentiNat API: observations
351696560,2026-04-12,2026-04-21T08:41:54-03:00,research,"San Carlos de Bariloche, Río Negro, AR",-41.1192805,-71.4316116667,136243,Austrocedrus chilensis,Cordilleran cypress,species,Plantae,pablokozodij,https://www.inaturalist.org/observations/351696560,https://inaturalist-open-data.s3.amazonaws.com/photos/641841702/medium.jpg,iNaturalist / ArgentiNat API: observations
356678655,2026-04-28,2026-04-29T20:46:40-03:00,research,"Ruta Provincial 19, Comisión de Fomento Limay Mahuida, La Pampa, AR",-37.357095,-66.6651533333,447537,Lycium chilense,Chilean Boxthorn,species,Plantae,dpincen,https://www.inaturalist.org/observations/356678655,https://inaturalist-open-data.s3.amazonaws.com/photos/650466114/medium.jpg,iNaturalist / ArgentiNat API: observations
357946734,2026-05-02,2026-05-03T13:02:29-03:00,research,"Gral. Acha, La Pampa, Argentina",-37.3787589,-64.6036162,1555395,Troncosoa seriphioides,,species,Plantae,danieloscarmolina,https://www.inaturalist.org/observations/357946734,https://inaturalist-open-data.s3.amazonaws.com/photos/652916835/medium.jpg,iNaturalist / ArgentiNat API: observations
338940757,2026-02-15,2026-02-16T18:42:37-03:00,research,"Lihuel Calel, La Pampa, Argentina",-38.010734368,-65.5893671626,796450,Argemone subfusiformis,,species,Plantae,hugoalbertovalderrey,https://www.inaturalist.org/observations/338940757,https://inaturalist-open-data.s3.amazonaws.com/photos/616470017/medium.jpg,iNaturalist / ArgentiNat API: observations
349610328,2026-04-13,2026-04-13T17:45:25-03:00,research,"Belén, Catamarca, Argentina",-26.8813424,-66.7335159997,429183,Lobivia formosa,,species,Plantae,priscila_ana,https://www.inaturalist.org/observations/349610328,https://static.inaturalist.org/photos/637786742/medium.jpg,iNaturalist / ArgentiNat API: observations
356513690,2026-04-27,2026-04-29T11:55:34-03:00,research,"Utracán, La Pampa, Argentina",-37.370024153,-64.5570372381,480270,Senecio subulatus,,species,Plantae,hugoalbertovalderrey,https://www.inaturalist.org/observations/356513690,https://inaturalist-open-data.s3.amazonaws.com/photos/650148415/medium.jpg,iNaturalist / ArgentiNat API: observations
357752280,2026-05-02,2026-05-02T22:52:44-03:00,research,"Ramallo, Provincia de Buenos Aires, Argentina",-33.4850683496,-60.0045531616,76609,Datura ferox,long-spined thorn-apple,species,Plantae,leogsantoro,https://www.inaturalist.org/observations/357752280,https://static.inaturalist.org/photos/652544633/medium.jpg,iNaturalist / ArgentiNat API: observations
358122996,2026-05-02,2026-05-03T21:26:55-03:00,research,"Gral. Acha, La Pampa, Argentina",-37.3787589,-64.6036162,624183,Chuquiraga erinacea,,species,Plantae,danieloscarmolina,https://www.inaturalist.org/observations/358122996,https://inaturalist-open-data.s3.amazonaws.com/photos/653258246/medium.jpg,iNaturalist / ArgentiNat API: observations
354533271,2026-04-26,2026-04-26T13:55:36-03:00,research,"La Merced, Catamarca, Argentina",-28.1549083333,-65.6607888889,538621,Solanum argentinum,,species,Plantae,m-stanton,https://www.inaturalist.org/observations/354533271,https://inaturalist-open-data.s3.amazonaws.com/photos/646737707/medium.jpg,iNaturalist / ArgentiNat API: observations
345670346,2026-03-27,2026-03-28T11:14:23-03:00,research,"Santa Cruz, AR",-49.291695,-72.9435416667,83487,Acaena magellanica,Greater Burnet,species,Plantae,julieta_binda,https://www.inaturalist.org/observations/345670346,https://inaturalist-open-data.s3.amazonaws.com/photos/629993692/medium.jpg,iNaturalist / ArgentiNat API: observations
344779070,2026-03-23,2026-03-23T19:25:24-03:00,research,"Totoral, Córdoba, Argentina",-30.775335837,-63.7006666773,481156,Turnera sidoides,,species,Plantae,matiasfornero,https://www.inaturalist.org/observations/344779070,https://inaturalist-open-data.s3.amazonaws.com/photos/628235681/medium.jpg,iNaturalist / ArgentiNat API: observations
337482348,2026-02-04,2026-02-05T20:04:16-03:00,research,"Ruta Provincial 4, Comisión Municipal Yala, Jujuy, AR",-24.1206945,-65.4592216667,284004,Sisyrinchium micranthum,Blue Pigroot,species,Plantae,alpineflora,https://www.inaturalist.org/observations/337482348,https://static.inaturalist.org/photos/613512352/medium.jpg,iNaturalist / ArgentiNat API: observations
358067584,2026-05-03,2026-05-03T18:27:30-03:00,research,"B1896 Villa Elisa, Provincia de Buenos Aires, Argentina",-34.8680509,-58.0734594,544767,Baccharis spicata,,species,Plantae,eckerd,https://www.inaturalist.org/observations/358067584,https://inaturalist-open-data.s3.amazonaws.com/photos/653147051/medium.jpg,iNaturalist / ArgentiNat API: observations
327099278,2025-11-15,2025-11-18T08:54:04-03:00,research,"Ingeniero Maschwitz, Provincia de Buenos Aires, Argentina",-34.3717421833,-58.7529630214,487096,Senecio pterophorus,Shoddy Ragwort,species,Plantae,nahue,https://www.inaturalist.org/observations/327099278,https://inaturalist-open-data.s3.amazonaws.com/photos/592533991/medium.jpg,iNaturalist / ArgentiNat API: observations
357284746,2026-05-01,2026-05-01T16:52:16-03:00,research,"Concordia, Entre Ríos, Argentina",-31.3707916667,-58.0669722222,424093,Myrcianthes cisplatensis,,species,Plantae,ariantonio74,https://www.inaturalist.org/observations/357284746,https://inaturalist-open-data.s3.amazonaws.com/photos/651631731/medium.jpg,iNaturalist / ArgentiNat API: observations
357200431,2026-05-01,2026-05-01T12:37:01-03:00,research,"Gral. Acha, La Pampa, Argentina",-37.3787589,-64.6036162,60276,Bromus catharticus,Rescue Brome,species,Plantae,danieloscarmolina,https://www.inaturalist.org/observations/357200431,https://inaturalist-open-data.s3.amazonaws.com/photos/651468140/medium.jpg,iNaturalist / ArgentiNat API: observations
352821107,2026-04-24,2026-04-24T12:44:08-03:00,research,"HRC2+28, Tupungato, Mendoza, Argentina",-33.42969279,-69.19856103,79495,Verbesina encelioides,cowpen daisy,species,Plantae,irmaremigio,https://www.inaturalist.org/observations/352821107,https://static.inaturalist.org/photos/643852003/medium.jpg,iNaturalist / ArgentiNat API: observations
336702774,2026-01-29,2026-01-30T13:27:57-03:00,research,"Río Quilpo, Córdoba, Argentina",-30.8061413865,-64.692543639,157966,Acicarpha tribuloides,,species,Plantae,germanwalter,https://www.inaturalist.org/observations/336702774,https://inaturalist-open-data.s3.amazonaws.com/photos/611919274/medium.jpg,iNaturalist / ArgentiNat API: observations
354587321,2026-04-26,2026-04-26T14:56:09-03:00,research,"X5172, Córdoba, Argentina",-31.0981027778,-64.4935472222,60951,Hydrocotyle ranunculoides,floating marsh pennywort,species,Plantae,gracieladangelo,https://www.inaturalist.org/observations/354587321,https://inaturalist-open-data.s3.amazonaws.com/photos/646826465/medium.jpg,iNaturalist / ArgentiNat API: observations
345545412,2026-03-27,2026-03-27T18:08:29-03:00,research,"Las Colonias, Santa Fe, Argentina",-31.6446,-60.8623916667,742735,Buddleja stachyoides,Argentine butterfly bush,species,Plantae,gracieladangelo,https://www.inaturalist.org/observations/345545412,https://inaturalist-open-data.s3.amazonaws.com/photos/629741580/medium.jpg,iNaturalist / ArgentiNat API: observations
334258213,2026-01-10,2026-01-10T17:53:53-03:00,research,"Villa Gobernador Gálvez, Santa Fe, AR",-33.00891945,-60.6257333333,336163,Tropaeolum pentaphyllum,Ladies' Legs,species,Plantae,fefoquita,https://www.inaturalist.org/observations/334258213,https://inaturalist-open-data.s3.amazonaws.com/photos/606971451/medium.jpg,iNaturalist / ArgentiNat API: observations
357338098,2026-04-25,2026-05-01T20:03:13-03:00,research,"Rosario, Santa Fe, Argentina",-32.9459417219,-60.8053286746,60220,Ludwigia peploides,floating primrose-willow,species,Plantae,marianelascuderi,https://www.inaturalist.org/observations/357338098,https://static.inaturalist.org/photos/651739108/medium.jpg,iNaturalist / ArgentiNat API: observations
358120698,2026-05-02,2026-05-03T21:17:51-03:00,research,"Gral. Acha, La Pampa, Argentina",-37.3787589,-64.6036162,564997,Senecio pampeanus,,species,Plantae,danieloscarmolina,https://www.inaturalist.org/observations/358120698,https://inaturalist-open-data.s3.amazonaws.com/photos/653253598/medium.jpg,iNaturalist / ArgentiNat API: observations
348749589,2026-04-10,2026-04-10T13:49:38-03:00,research,"Mercedes, Corrientes, Argentina",-28.7638989347,-58.0229569227,481153,Trixis praestans,,species,Plantae,lefortbilbaomb,https://www.inaturalist.org/observations/348749589,https://inaturalist-open-data.s3.amazonaws.com/photos/636092022/medium.jpg,iNaturalist / ArgentiNat API: observations
357264627,2026-04-30,2026-05-01T15:50:47-03:00,research,"Jardín Botánico (152), C1425 Cdad. Autónoma de Buenos Aires, Argentina",-34.583305,-58.418317,59035,Solanum americanum,American black nightshade,species,Plantae,ignaciocostagliola,https://www.inaturalist.org/observations/357264627,https://inaturalist-open-data.s3.amazonaws.com/photos/651592963/medium.jpg,iNaturalist / ArgentiNat API: observations
357252684,2026-05-01,2026-05-01T15:13:53-03:00,research,"5VHV+QH, Pereyra, Provincia de Buenos Aires, Argentina",-34.8218919997,-58.1071523997,128667,Solanum laxum,potato vine,species,Plantae,lucirocco,https://www.inaturalist.org/observations/357252684,https://static.inaturalist.org/photos/651569066/medium.jpg,iNaturalist / ArgentiNat API: observations
357622720,2026-05-02,2026-05-02T16:03:39-03:00,research,"7HQC+GJ, X5189 Anisacate, Córdoba, Argentina",-31.7104044277,-64.4287886191,164091,Ipomoea nil,Japanese morning glory,species,Plantae,elchicodelvivero,https://www.inaturalist.org/observations/357622720,https://inaturalist-open-data.s3.amazonaws.com/photos/652289922/medium.jpg,iNaturalist / ArgentiNat API: observations
351722049,2026-04-18,2026-04-21T11:12:17-03:00,research,"Villa Soldati, Cdad. Autónoma de Buenos Aires, Argentina",-34.6810577132,-58.4485319856,790276,Araujia brachystephana,,species,Plantae,diegogallotti,https://www.inaturalist.org/observations/351722049,https://inaturalist-open-data.s3.amazonaws.com/photos/641878670/medium.jpg,iNaturalist / ArgentiNat API: observations
353788148,2026-04-23,2026-04-25T16:05:40-03:00,research,"Deseado, Santa Cruz, Argentina",-46.7553249722,-68.1039289722,490592,Perezia recurvata,Falkland Lavender,species,Plantae,nahueldm,https://www.inaturalist.org/observations/353788148,https://inaturalist-open-data.s3.amazonaws.com/photos/645464514/medium.jpg,iNaturalist / ArgentiNat API: observations
350627860,2026-04-17,2026-04-17T18:22:03-03:00,research,"Oro Verde, Entre Ríos, Argentina",-31.8295016667,-60.522735,865293,Smilax campestris,,species,Plantae,marianela62717,https://www.inaturalist.org/observations/350627860,https://inaturalist-open-data.s3.amazonaws.com/photos/639770178/medium.jpg,iNaturalist / ArgentiNat API: observations
340079212,2026-02-24,2026-02-24T19:00:01-03:00,research,"2RW4+VJ, Potrerillos, Mendoza, Argentina",-32.9545806902,-69.1911009327,430226,Lecanophora heterophylla,,species,Plantae,ana52149,https://www.inaturalist.org/observations/340079212,https://static.inaturalist.org/photos/618793105/medium.jpg,iNaturalist / ArgentiNat API: observations
344497021,2026-03-18,2026-03-22T16:04:37-03:00,research,"Quebrachos, Santiago del Estero, Argentina",-29.4116890678,-63.6032831295,441425,Opuntia quimilo,,species,Plantae,lucascarbone,https://www.inaturalist.org/observations/344497021,https://inaturalist-open-data.s3.amazonaws.com/photos/627672802/medium.jpg,iNaturalist / ArgentiNat API: observations
353894079,2026-04-25,2026-04-25T18:31:53-03:00,research,"Toay, AR-LP, AR",-36.84635582,-64.40379121,337606,Prosopanche americana,,species,Plantae,vanielizalde,https://www.inaturalist.org/observations/353894079,https://inaturalist-open-data.s3.amazonaws.com/photos/645651786/medium.jpg,iNaturalist / ArgentiNat API: observations
343363327,2026-03-16,2026-03-16T17:08:38-03:00,research,"Orán, Salta, Argentina",-22.6738466,-64.5076222997,861992,Myrsine laetevirens,,species,Plantae,marivfenoglio,https://www.inaturalist.org/observations/343363327,https://static.inaturalist.org/photos/625450923/medium.jpg,iNaturalist / ArgentiNat API: observations
358164240,2026-05-03,2026-05-04T00:05:12-03:00,research,"Mercedes, AR-CN, AR",-29.3668189722,-58.049649,962649,Pontederia azurea,anchored water hyacinth,species,Plantae,yanina52012,https://www.inaturalist.org/observations/358164240,https://inaturalist-open-data.s3.amazonaws.com/photos/653344506/medium.jpg,iNaturalist / ArgentiNat API: observations
356541089,2026-04-29,2026-04-29T13:14:56-03:00,research,"San Pedro, Misiones, Argentina",-26.6356611111,-54.1116861111,126742,Cecropia pachystachya,Pumpwood,species,Plantae,nare_berduc,https://www.inaturalist.org/observations/356541089,https://static.inaturalist.org/photos/650203970/medium.jpg,iNaturalist / ArgentiNat API: observations
358260930,2026-04-29,2026-05-04T09:03:23-03:00,research,"Luján de Cuyo, Mendoza, Argentina",-33.0089251022,-68.930990106,167309,Portulaca grandiflora,moss rose,species,Plantae,iprocheret,https://www.inaturalist.org/observations/358260930,https://inaturalist-open-data.s3.amazonaws.com/photos/653535784/medium.jpg,iNaturalist / ArgentiNat API: observations
351158743,2026-04-17,2026-04-19T12:24:17-03:00,research,"Gral Obligado, Santa Fe, Argentina",-29.2661611997,-59.5999388997,277459,Funastrum clausum,white twinevine,species,Plantae,txurruarin,https://www.inaturalist.org/observations/351158743,https://inaturalist-open-data.s3.amazonaws.com/photos/640781797/medium.jpg,iNaturalist / ArgentiNat API: observations
348609263,2026-03-26,2026-04-09T21:23:28-03:00,research,"Vera, Santa Fe, Argentina",-29.2903694444,-60.2423333333,438272,Cleistocactus baumannii,Chaco Torch Cactus,species,Plantae,blasfand,https://www.inaturalist.org/observations/348609263,https://inaturalist-open-data.s3.amazonaws.com/photos/635809594/medium.jpg,iNaturalist / ArgentiNat API: observations
358078232,2026-05-02,2026-05-03T19:00:06-03:00,research,"Gral. Acha, La Pampa, Argentina",-37.3787589,-64.6036162,126424,Parthenium hysterophorus,Santa Maria feverfew,species,Plantae,danieloscarmolina,https://www.inaturalist.org/observations/358078232,https://inaturalist-open-data.s3.amazonaws.com/photos/653169014/medium.jpg,iNaturalist / ArgentiNat API: observations
349290402,2026-03-31,2026-04-12T14:08:04-03:00,research,"Malargüe, Mendoza, Argentina",-35.7945298965,-69.6746633054,447675,Schinus johnstonii,,species,Plantae,flaviodm,https://www.inaturalist.org/observations/349290402,https://inaturalist-open-data.s3.amazonaws.com/photos/637148779/medium.jpg,iNaturalist / ArgentiNat API: observations
352368407,2026-04-23,2026-04-23T18:04:50-03:00,research,"Gualeguay, Entre Ríos, Argentina",-33.1789925773,-59.3455535173,543870,Gomphrena pulchella,,species,Plantae,gastoncarboni,https://www.inaturalist.org/observations/352368407,https://inaturalist-open-data.s3.amazonaws.com/photos/643133114/medium.jpg,iNaturalist / ArgentiNat API: observations
340879196,2026-03-01,2026-03-01T22:48:16-03:00,research,"San Fernando del Valle de Catamarca, Catamarca, Argentina",-28.4895239734,-65.6065280735,557618,Colletia spinosissima,,species,Plantae,m-stanton,https://www.inaturalist.org/observations/340879196,https://inaturalist-open-data.s3.amazonaws.com/photos/620418111/medium.jpg,iNaturalist / ArgentiNat API: observations
357762415,2026-04-29,2026-05-02T23:36:15-03:00,research,"X5172, Córdoba, Argentina",-31.0996277778,-64.4916277778,602580,Discaria americana,,species,Plantae,gracieladangelo,https://www.inaturalist.org/observations/357762415,https://inaturalist-open-data.s3.amazonaws.com/photos/652564532/medium.jpg,iNaturalist / ArgentiNat API: observations
345350663,2026-03-26,2026-03-26T17:59:23-03:00,research,"Bahía Blanca, Provincia de Buenos Aires, Argentina",-38.6915580943,-62.2479828013,430222,Sphaeralcea miniata,,species,Plantae,paisanojere,https://www.inaturalist.org/observations/345350663,https://inaturalist-open-data.s3.amazonaws.com/photos/629359719/medium.jpg,iNaturalist / ArgentiNat API: observations
351229923,2026-04-19,2026-04-19T16:00:24-03:00,research,"Rió Grande, AR-TF, AR",-54.5512367273,-67.2244573385,715301,Phacelia secunda,,species,Plantae,ulisesbalza,https://www.inaturalist.org/observations/351229923,https://inaturalist-open-data.s3.amazonaws.com/photos/640916887/medium.jpg,iNaturalist / ArgentiNat API: observations
358499661,2026-05-02,2026-05-04T23:54:45-03:00,research,"Berazategui, Provincia de Buenos Aires, Argentina",-34.7545335511,-58.1150884293,1433596,Tripogandra diuretica,,species,Plantae,abrilgn,https://www.inaturalist.org/observations/358499661,https://inaturalist-open-data.s3.amazonaws.com/photos/653990023/medium.jpg,iNaturalist / ArgentiNat API: observations
346260122,2026-03-30,2026-03-30T20:26:19-03:00,research,"Puerto Madero, Cdad. Autónoma de Buenos Aires, Argentina",-34.6052106667,-58.3658847778,76904,Erigeron bonariensis,Flax-leaved Horseweed,species,Plantae,diegogallotti,https://www.inaturalist.org/observations/346260122,https://inaturalist-open-data.s3.amazonaws.com/photos/631151623/medium.jpg,iNaturalist / ArgentiNat API: observations
342614989,2026-03-12,2026-03-12T15:41:12-03:00,research,"Arroyo Seco, Santa Fe, Argentina",-33.1586434,-60.5208926997,165785,Oenothera affinis,,species,Plantae,simonpg96,https://www.inaturalist.org/observations/342614989,https://inaturalist-open-data.s3.amazonaws.com/photos/623955499/medium.jpg,iNaturalist / ArgentiNat API: observations
347876039,2026-04-03,2026-04-06T15:26:57-03:00,research,"Patagones, Provincia de Buenos Aires, Argentina",-40.8102475034,-62.9692678767,489760,Grindelia chiloensis,Shrubby Gumweed,species,Plantae,anibalakd,https://www.inaturalist.org/observations/347876039,https://inaturalist-open-data.s3.amazonaws.com/photos/634357293/medium.jpg,iNaturalist / ArgentiNat API: observations
353907848,2026-04-25,2026-04-25T18:53:48-03:00,research,"Avenida Juan Herman, Bariloche, Río Negro, AR",-41.1683943915,-71.3254935668,319332,Fabiana imbricata,pichi,species,Plantae,vidalrussell,https://www.inaturalist.org/observations/353907848,https://inaturalist-open-data.s3.amazonaws.com/photos/645677214/medium.jpg,iNaturalist / ArgentiNat API: observations
357760691,2026-05-02,2026-05-02T23:28:49-03:00,research,"MCHP+2Q, Paso de la Patria, Corrientes, Argentina",-27.3413931307,-58.5986260325,160297,Centratherum punctatum,Brazilian bachelor's button,species,Plantae,elmirackleh,https://www.inaturalist.org/observations/357760691,https://static.inaturalist.org/photos/652560807/medium.jpg,iNaturalist / ArgentiNat API: observations
349130117,2026-04-11,2026-04-11T22:31:12-03:00,research,"Gualeguaychú, Entre Ríos, Argentina",-32.8861096166,-58.4977990954,1264667,Zephyranthes tubispatha,Rio Grande copper lily,species,Plantae,gustavopuente,https://www.inaturalist.org/observations/349130117,https://inaturalist-open-data.s3.amazonaws.com/photos/636834806/medium.jpg,iNaturalist / ArgentiNat API: observations
358078981,2026-05-02,2026-05-03T19:02:40-03:00,research,"Gral. Acha, La Pampa, Argentina",-37.3787589,-64.6036162,461589,Hysterionica jasionoides,,species,Plantae,danieloscarmolina,https://www.inaturalist.org/observations/358078981,https://inaturalist-open-data.s3.amazonaws.com/photos/653171059/medium.jpg,iNaturalist / ArgentiNat API: observations
349867893,2026-04-13,2026-04-14T18:04:16-03:00,research,"San Carlos de Bariloche, Río Negro, AR",-41.1187861667,-71.50435,624361,Oreopolus glacialis,,species,Plantae,pablokozodij,https://www.inaturalist.org/observations/349867893,https://inaturalist-open-data.s3.amazonaws.com/photos/638282266/medium.jpg,iNaturalist / ArgentiNat API: observations
358224028,2026-05-03,2026-05-04T05:29:48-03:00,research,"sendero, San Fernando del Valle de Catamarca, Catamarca, AR",-28.4599083333,-65.8149033333,528742,Tillandsia duratii,,species,Plantae,analiab87,https://www.inaturalist.org/observations/358224028,https://inaturalist-open-data.s3.amazonaws.com/photos/653463579/medium.jpg,iNaturalist / ArgentiNat API: observations
355558881,2026-04-27,2026-04-27T15:30:51-03:00,research,"RP29, San Luis, Argentina",-32.2553212466,-66.9531649724,186783,Tephrocactus articulatus,Paper-Spined Cholla,species,Plantae,luismiranda_sv_,https://www.inaturalist.org/observations/355558881,https://inaturalist-open-data.s3.amazonaws.com/photos/648424733/medium.jpg,iNaturalist / ArgentiNat API: observations
357996717,2026-05-03,2026-05-03T15:16:03-03:00,research,"Puerto Madero, Cdad. Autónoma de Buenos Aires, Argentina",-34.6082751,-58.3537468997,430833,Citharexylum montevidense,,species,Plantae,arigrunfeld,https://www.inaturalist.org/observations/357996717,https://inaturalist-open-data.s3.amazonaws.com/photos/653013153/medium.jpg,iNaturalist / ArgentiNat API: observations
354843994,2026-04-26,2026-04-26T20:21:42-03:00,research,"X5172, Córdoba, Argentina",-31.0975444444,-64.4937388889,885872,Vernonanthura nudiflora,,species,Plantae,gracieladangelo,https://www.inaturalist.org/observations/354843994,https://inaturalist-open-data.s3.amazonaws.com/photos/647271227/medium.jpg,iNaturalist / ArgentiNat API: observations
357974604,2026-05-03,2026-05-03T14:16:32-03:00,research,"Puerto Madero, Cdad. Autónoma de Buenos Aires, Argentina",-34.6101292997,-58.3565398,75766,Bidens laevis,Smooth Beggarticks,species,Plantae,arigrunfeld,https://www.inaturalist.org/observations/357974604,https://inaturalist-open-data.s3.amazonaws.com/photos/652969688/medium.jpg,iNaturalist / ArgentiNat API: observations
336411564,2025-12-21,2026-01-27T22:01:32-03:00,research,"Libertador Gral San Martín, San Luis, Argentina",-32.801447,-66.0000000997,128757,Sacoila lanceolata,Leafless Beaked Lady Orchid,species,Plantae,terranat,https://www.inaturalist.org/observations/336411564,https://inaturalist-open-data.s3.amazonaws.com/photos/611324549/medium.jpg,iNaturalist / ArgentiNat API: observations
357736902,2026-05-02,2026-05-02T21:50:00-03:00,research,"Concepción del Uruguay, Entre Ríos, Argentina",-32.4792018624,-58.2438194007,167940,Richardia brasiliensis,Tropical Mexican Clover,species,Plantae,paufau,https://www.inaturalist.org/observations/357736902,https://static.inaturalist.org/photos/652513933/medium.jpg,iNaturalist / ArgentiNat API: observations
341893637,2026-03-01,2026-03-08T12:52:32-03:00,research,"Gob J M G�mez 649, Ushuaia, Tierra del Fuego, V9410, Tierra del Fuego, Argentina",-54.78410603,-68.28452279,489502,Berberis ilicifolia,holly barberry,species,Plantae,marreginas,https://www.inaturalist.org/observations/341893637,https://inaturalist-open-data.s3.amazonaws.com/photos/622497610/medium.jpg,iNaturalist / ArgentiNat API: observations
357803023,2026-04-11,2026-05-03T03:03:23-03:00,research,"Parque Federal Campo San Juan, Santa Ana, Misiones, Argentina",-27.3715498,-55.6500976,873955,Achyrocline saturejoides,,species,Plantae,marcos_e_sosa,https://www.inaturalist.org/observations/357803023,https://inaturalist-open-data.s3.amazonaws.com/photos/652647041/medium.jpg,iNaturalist / ArgentiNat API: observations
357281241,2026-05-01,2026-05-01T16:40:53-03:00,research,"Maracó, La Pampa, Argentina",-35.6366374313,-63.7881467484,332476,Equisetum giganteum,Southern Giant Horsetail,species,Plantae,hugoalbertovalderrey,https://www.inaturalist.org/observations/357281241,https://inaturalist-open-data.s3.amazonaws.com/photos/651619696/medium.jpg,iNaturalist / ArgentiNat API: observations
358085144,2026-05-03,2026-05-03T19:20:01-03:00,research,"RN40, La Rioja, Argentina",-29.3442325556,-67.7346725278,803124,Acanthostyles buniifolius,,species,Plantae,arapanza,https://www.inaturalist.org/observations/358085144,https://inaturalist-open-data.s3.amazonaws.com/photos/653182711/medium.jpg,iNaturalist / ArgentiNat API: observations
358289896,2026-05-04,2026-05-04T11:07:00-03:00,research,"Avenida Vélez Sarsfield 1696, X5016 Córdoba, Argentina",-31.43425888,-64.19425026,531614,Pavonia aurigloba,,species,Plantae,matiasbaranzelli,https://www.inaturalist.org/observations/358289896,https://inaturalist-open-data.s3.amazonaws.com/photos/653593279/medium.jpg,iNaturalist / ArgentiNat API: observations
347727278,2026-04-04,2026-04-06T01:03:52-03:00,research,"Ruta Provincial 41, Província de Santa Cruz, AR",-49.3168616667,-72.89463,569081,Azorella monantha,Tufted azorella,species,Plantae,sergiotarcha,https://www.inaturalist.org/observations/347727278,https://static.inaturalist.org/photos/634065741/medium.jpg,iNaturalist / ArgentiNat API: observations
356637128,2026-04-29,2026-04-29T18:10:55-03:00,research,"Comuna El Manzano, Córdoba, AR",-31.0895583333,-64.3108583333,75843,Bothriochloa laguroides,Silver beard grass,species,Plantae,baubecerra,https://www.inaturalist.org/observations/356637128,https://inaturalist-open-data.s3.amazonaws.com/photos/650387790/medium.jpg,iNaturalist / ArgentiNat API: observations
355133792,2026-04-26,2026-04-27T05:23:57-03:00,research,"Yerba Buena, Tucumán, AR",-26.803545,-65.31955,83642,Eugenia uniflora,Surinam cherry,species,Plantae,mordano,https://www.inaturalist.org/observations/355133792,https://inaturalist-open-data.s3.amazonaws.com/photos/647770395/medium.jpg,iNaturalist / ArgentiNat API: observations
