taxon_id,name,preferred_common_name,rank,iconic_taxon_name,observations_count
51454,Passiflora caerulea,Bluecrown passionflower,species,Plantae,3258
810560,Vachellia caven,Caven Thorn,species,Plantae,2342
79143,Solanum sisymbriifolium,Red Buffalo-bur,species,Plantae,2091
53478,Commelina erecta,whitemouth dayflower,species,Plantae,1941
162718,Erythrina crista-galli,Cockspur coral tree,species,Plantae,1893
139069,Geoffroea decorticans,Chañar,species,Plantae,1689
64240,Cortaderia selloana,Pampas Grass,species,Plantae,1636
279210,Celtis tala,Desert Hackberry,species,Plantae,1621
50333,Lantana camara,common lantana,species,Plantae,1495
541592,Sphaeralcea bonariensis,Latin globemallow,species,Plantae,1340
424162,Solidago chilensis,Anise Goldenrod,species,Plantae,1338
78954,Salpichroa origanifolia,Cock's-eggs,species,Plantae,1311
993381,Clematis campestris,,species,Plantae,1289
58334,Nicotiana glauca,tree tobacco,species,Plantae,1281
441434,Opuntia sulphurea,sulphur cactus,species,Plantae,1273
84707,Berberis microphylla,Calafate,species,Plantae,1250
792005,Dicliptera squarrosa,Uruguayan Firecracker Plant,species,Plantae,1144
631076,Oxypetalum solanoides,,species,Plantae,1135
370737,Tillandsia aeranthos,,species,Plantae,1127
484057,Sapium haematospermum,,species,Plantae,1087
116713,Larrea divaricata,,species,Plantae,1064
76226,Cestrum parqui,green cestrum,species,Plantae,1055
157839,Abutilon grandifolium,hairy abutilon,species,Plantae,1039
1506725,Sagittaria montevidensis,Aztec arrowhead,species,Plantae,1015
62829,Parkinsonia aculeata,Mexican palo verde,species,Plantae,1007
371182,Jodina rhombifolia,,species,Plantae,1006
165704,Nicotiana longiflora,long-flower tobacco,species,Plantae,1001
59040,Phyla nodiflora,turkey tangle frogfruit,species,Plantae,998
465366,Nothofagus pumilio,Lenga Beech,species,Plantae,976
465345,Chiliotrichum diffusum,Fachine,species,Plantae,972
163317,Glandularia peruviana,Peruvian Mock Vervain,species,Plantae,969
129582,Phytolacca dioica,Ombu,species,Plantae,940
1065391,Erythrostemon gilliesii,yellow bird-of-paradise shrub,species,Plantae,936
77496,Ipomoea indica,oceanblue morning glory,species,Plantae,912
56891,Aloysia gratissima,Whitebrush,species,Plantae,894
859233,Austroeupatorium inulifolium,Whiteweed,species,Plantae,874
846973,Solanum granulosoleprosum,,species,Plantae,869
163683,Herbertia lahue,Prairie Nymph,species,Plantae,859
209956,Parkinsonia praecox,palo brea,species,Plantae,854
57913,Baccharis salicifolia,mule fat,species,Plantae,846
319327,Embothrium coccineum,Chilean fire bush,species,Plantae,838
84002,Tillandsia recurvata,ballmoss,species,Plantae,832
372267,Chloraea membranacea,Membranous Greenhood,species,Plantae,807
153439,Zinnia peruviana,Peruvian zinnia,species,Plantae,799
797147,Azorella prolifera,Mother-in-law Cushion,species,Plantae,799
904475,Schinus longifolia,,species,Plantae,796
869986,Trichocereus candicans,Argentine Giant,species,Plantae,794
79487,Verbena bonariensis,purpletop vervain,species,Plantae,786
79137,Solanum elaeagnifolium,silverleaf nightshade,species,Plantae,780
962637,Pontederia crassipes,common water hyacinth,species,Plantae,760
924824,Pascalia glauca,Sunchillo,species,Plantae,756
428312,Condalia microphylla,,species,Plantae,752
424095,Aspidosperma quebracho-blanco,Common White Quebracho,species,Plantae,746
75499,Araujia sericifera,Moth Vine,species,Plantae,739
525635,Modiolastrum malvifolium,,species,Plantae,730
169064,Solanum glaucophyllum,waxy-leaved nightshade,species,Plantae,719
164075,Ipomoea alba,Moonflower,species,Plantae,687
167072,Pluchea sagittalis,Wingstem Camphorweed,species,Plantae,681
447708,Ligaria cuneifolia,,species,Plantae,678
430340,Echinopsis leucantha,,species,Plantae,671
50203,Bidens pilosa,Hairy Beggarticks,species,Plantae,670
464557,Dolichandra cynanchoides,,species,Plantae,658
431346,Muehlenbeckia sagittifolia,Maidenhair Vine,species,Plantae,653
438208,Cereus aethiops,,species,Plantae,646
52344,Ipomoea purpurea,common morning-glory,species,Plantae,642
346959,Codonorchis lessonii,Dog orchid,species,Plantae,629
366916,Gaultheria mucronata,Prickly Heath,species,Plantae,620
75442,Anemone multifida,Cutleaf Anemone,species,Plantae,611
428962,Quinchamalium chilense,Quinchamali,species,Plantae,611
58058,Heliotropium curassavicum,alkali heliotrope,species,Plantae,606
157498,Heimia salicifolia,sun opener,species,Plantae,605
164208,Jaborosa integrifolia,springblossom,species,Plantae,603
871366,Vachellia aroma,,species,Plantae,603
467158,Pavonia sepium,shell flower,species,Plantae,601
77363,Heliotropium amplexicaule,fragrant heliotrope,species,Plantae,597
371186,Scutia buxifolia,,species,Plantae,592
163774,Hibiscus striatus,,species,Plantae,586
740103,Schinus fasciculata,,species,Plantae,584
447543,Larrea cuneifolia,,species,Plantae,570
209781,Asclepias mellodora,,species,Plantae,568
163871,Hydrocotyle bonariensis,largeleaf pennywort,species,Plantae,565
869971,Trichocereus atacamensis,,species,Plantae,563
407502,Nothofagus antarctica,Antarctic Beech,species,Plantae,562
79077,Sida rhombifolia,Cuban jute,species,Plantae,561
346357,Copernicia alba,Caranday Palm,species,Plantae,560
465349,Empetrum rubrum,Diddle-dee,species,Plantae,559
410471,Alstroemeria aurea,Peruvian Lily,species,Plantae,549
479047,Cypella herbertii,Herbert's goblet flower,species,Plantae,529
431626,Solanum bonariense,,species,Plantae,526
165140,Manihot grahamii,hardy tapioca,species,Plantae,521
410902,Aechmea distichantha,Brazilian vaseplant,species,Plantae,521
52446,Enterolobium contortisiliquum,Pacara Earpod Tree,species,Plantae,518
892085,Amphilophium carolinae,,species,Plantae,518
447706,Hyalis argentea,,species,Plantae,511
146643,Canna indica,Indian shot,species,Plantae,499
169078,Solanum pseudocapsicum,Jerusalem cherry,species,Plantae,499
1493114,Neltuma caldenia,calden,species,Plantae,499
498893,Larrea nitida,,species,Plantae,494
223926,Lippia alba,Bushy Lippia,species,Plantae,491
403954,Misodendrum punctulatum,false mistletoe,species,Plantae,488
603333,Tessaria integrifolia,,species,Plantae,487
424094,Senecio bonariensis,,species,Plantae,480
78571,Physalis viscosa,grape groundcherry,species,Plantae,477
450291,Baccharis trimera,,species,Plantae,476
163112,Fuchsia magellanica,Hardy Fuchsia,species,Plantae,474
139568,Bauhinia forficata,Brazilian orchid tree,species,Plantae,473
133291,Rivina humilis,pigeonberry,species,Plantae,471
859285,Solanum amygdalifolium,,species,Plantae,471
872365,Aspilia silphioides,,species,Plantae,471
545573,Araujia odorata,Latexplant,species,Plantae,469
880795,Urolepis hecatantha,,species,Plantae,461
78589,Pistia stratiotes,Water Lettuce,species,Plantae,460
77844,Luma apiculata,arrayan,species,Plantae,452
129847,Denmoza rhodacantha,,species,Plantae,452
79382,Tradescantia fluminensis,small-leaf spiderwort,species,Plantae,450
130175,Hyptis mutabilis,Tropical Bushmint,species,Plantae,442
218501,Blechnum penna-marina,little hard fern,species,Plantae,442
168837,Senna corymbosa,Argentine Senna,species,Plantae,441
447545,Nothofagus betuloides,Magellanic beech,species,Plantae,437
482060,Cyclolepis genistoides,,species,Plantae,437
563934,Baccharis dracunculifolia,,species,Plantae,437
866204,Grindelia pulchella,,species,Plantae,436
584095,Dolichandra unguis-cati,Catclaw vine,species,Plantae,434
543076,Nierembergia linariifolia,dwarf cupflower,species,Plantae,430
525588,Modiolastrum gilliesii,,species,Plantae,426
280109,Campuloclinium macrocephalum,Pompom Weed,species,Plantae,425
424164,Jaborosa runcinata,,species,Plantae,425
460752,Allophylus edulis,cocum,species,Plantae,425
1138435,Armeria curvifolia,Curved-leaved thrift,species,Plantae,425
346173,Salvia guaranitica,Anise-scented sage,species,Plantae,423
528837,Baccharis articulata,,species,Plantae,422
55405,Petunia axillaris,large white petunia,species,Plantae,419
429196,Mutisia spinosa,black queen,species,Plantae,419
867130,Lycium boerhaviifolium,desert plum,species,Plantae,418
870252,Trichocereus terscheckii,Argentine Saguaro,species,Plantae,418
75727,Baccharis glutinosa,marsh baccharis,species,Plantae,417
126404,Araucaria araucana,monkey-puzzle,species,Plantae,414
823355,Adesmia boronioides,,species,Plantae,414
539113,Lycium cestroides,Herzog cestrum,species,Plantae,410
544478,Sambucus australis,,species,Plantae,409
79359,Thymophylla pentachaeta,Parralena,species,Plantae,406
557627,Eryngium horridum,,species,Plantae,400
484056,Baccharis notosergila,,species,Plantae,397
427727,Glandularia tenera,Latin American Mock Vervain,species,Plantae,396
71230,Tessaria absinthioides,,species,Plantae,393
168866,Sesbania virgata,wand riverhemp,species,Plantae,392
209991,Salix humboldtiana,Humboldt's Willow,species,Plantae,392
465229,Ribes magellanicum,Patagonian wild currant,species,Plantae,392
78233,Nothoscordum gracile,Onion Weed,species,Plantae,389
790108,Araujia angustifolia,,species,Plantae,387
428960,Mutisia decurrens,carnation of the field,species,Plantae,380
465228,Gunnera magellanica,Pigvine,species,Plantae,378
52355,Pavonia hastata,Spearleaf Swampmallow,species,Plantae,373
131169,Mikania cordifolia,Florida Keys Hempvine,species,Plantae,373
57805,Oxalis articulata,pink-sorrel,species,Plantae,369
1493104,Neltuma alba,White Carob Tree,species,Plantae,369
443965,Stetsonia coryne,Toothpick Cactus,species,Plantae,365
967278,Baccharis punctulata,,species,Plantae,365
48363,Tecoma stans,yellow trumpet flower,species,Plantae,363
84043,Solanum palinacanthum,,species,Plantae,359
862010,Stigmaphyllon bonariense,,species,Plantae,358
898657,Senegalia bonariensis,,species,Plantae,358
57354,Schinus molle,Peruvian Pepper Tree,species,Plantae,357
79291,Syagrus romanzoffiana,Queen palm,species,Plantae,357
165115,Malvastrum coromandelianum,three-lobe false mallow,species,Plantae,350
56822,Bowlesia incana,hoary bowlesia,species,Plantae,346
364987,Butia yatay,yatay palm,species,Plantae,346
430728,Blepharocalyx salicifolius,,species,Plantae,346
164032,Ibicella lutea,Yellow Unicorn-plant,species,Plantae,345
965730,Glandularia tweedieana,,species,Plantae,345
1493099,Strombocarpa strombulifera,argentine screwbean,species,Plantae,343
439590,Lepismium lumbricoides,,species,Plantae,342
712404,Gavilea lutea,Yellow Ground Orchid,species,Plantae,342
156145,Atamisquea emarginata,Desert Caper,species,Plantae,341
868921,Ludwigia elegans,,species,Plantae,339
841141,Lantana megapotamica,,species,Plantae,335
461583,Berberis empetrifolia,,species,Plantae,332
64179,Verbena litoralis,Seashore vervain,species,Plantae,330
202635,Hypochaeris albiflora,white flatweed,species,Plantae,329
479950,Tabernaemontana catharinensis,,species,Plantae,329
284004,Sisyrinchium micranthum,Blue Pigroot,species,Plantae,327
136243,Austrocedrus chilensis,Cordilleran cypress,species,Plantae,326
447537,Lycium chilense,Chilean Boxthorn,species,Plantae,326
1555395,Troncosoa seriphioides,,species,Plantae,325
76609,Datura ferox,long-spined thorn-apple,species,Plantae,324
480270,Senecio subulatus,,species,Plantae,324
538621,Solanum argentinum,,species,Plantae,324
796450,Argemone subfusiformis,,species,Plantae,324
429183,Lobivia formosa,,species,Plantae,323
624183,Chuquiraga erinacea,,species,Plantae,323
83487,Acaena magellanica,Greater Burnet,species,Plantae,320
481156,Turnera sidoides,,species,Plantae,320
544767,Baccharis spicata,,species,Plantae,319
424093,Myrcianthes cisplatensis,,species,Plantae,317
487096,Senecio pterophorus,Shoddy Ragwort,species,Plantae,317
79495,Verbesina encelioides,cowpen daisy,species,Plantae,316
60276,Bromus catharticus,Rescue Brome,species,Plantae,314
157966,Acicarpha tribuloides,,species,Plantae,314
60951,Hydrocotyle ranunculoides,floating marsh pennywort,species,Plantae,312
742735,Buddleja stachyoides,Argentine butterfly bush,species,Plantae,312
60220,Ludwigia peploides,floating primrose-willow,species,Plantae,310
336163,Tropaeolum pentaphyllum,Ladies' Legs,species,Plantae,310
564997,Senecio pampeanus,,species,Plantae,309
164091,Ipomoea nil,Japanese morning glory,species,Plantae,306
481153,Trixis praestans,,species,Plantae,306
59035,Solanum americanum,American black nightshade,species,Plantae,304
128667,Solanum laxum,potato vine,species,Plantae,304
490592,Perezia recurvata,Falkland Lavender,species,Plantae,304
790276,Araujia brachystephana,,species,Plantae,303
865293,Smilax campestris,,species,Plantae,302
126742,Cecropia pachystachya,Pumpwood,species,Plantae,301
861992,Myrsine laetevirens,,species,Plantae,301
962649,Pontederia azurea,anchored water hyacinth,species,Plantae,301
430226,Lecanophora heterophylla,,species,Plantae,300
441425,Opuntia quimilo,,species,Plantae,300
337606,Prosopanche americana,,species,Plantae,299
1433596,Tripogandra diuretica,,species,Plantae,299
167309,Portulaca grandiflora,moss rose,species,Plantae,298
277459,Funastrum clausum,white twinevine,species,Plantae,297
438272,Cleistocactus baumannii,Chaco Torch Cactus,species,Plantae,297
602580,Discaria americana,,species,Plantae,296
126424,Parthenium hysterophorus,Santa Maria feverfew,species,Plantae,295
447675,Schinus johnstonii,,species,Plantae,295
543870,Gomphrena pulchella,,species,Plantae,295
557618,Colletia spinosissima,,species,Plantae,294
430222,Sphaeralcea miniata,,species,Plantae,292
715301,Phacelia secunda,,species,Plantae,292
165785,Oenothera affinis,,species,Plantae,291
76904,Erigeron bonariensis,Flax-leaved Horseweed,species,Plantae,290
489760,Grindelia chiloensis,Shrubby Gumweed,species,Plantae,290
160297,Centratherum punctatum,Brazilian bachelor's button,species,Plantae,286
319332,Fabiana imbricata,pichi,species,Plantae,286
1264667,Zephyranthes tubispatha,Rio Grande copper lily,species,Plantae,284
186783,Tephrocactus articulatus,Paper-Spined Cholla,species,Plantae,282
461589,Hysterionica jasionoides,,species,Plantae,282
528742,Tillandsia duratii,,species,Plantae,282
624361,Oreopolus glacialis,,species,Plantae,282
430833,Citharexylum montevidense,,species,Plantae,279
885872,Vernonanthura nudiflora,,species,Plantae,279
167940,Richardia brasiliensis,Tropical Mexican Clover,species,Plantae,277
873955,Achyrocline saturejoides,,species,Plantae,277
75766,Bidens laevis,Smooth Beggarticks,species,Plantae,276
128757,Sacoila lanceolata,Leafless Beaked Lady Orchid,species,Plantae,276
489502,Berberis ilicifolia,holly barberry,species,Plantae,276
332476,Equisetum giganteum,Southern Giant Horsetail,species,Plantae,275
531614,Pavonia aurigloba,,species,Plantae,274
803124,Acanthostyles buniifolius,,species,Plantae,274
83642,Eugenia uniflora,Surinam cherry,species,Plantae,271
569081,Azorella monantha,Tufted azorella,species,Plantae,271
75843,Bothriochloa laguroides,Silver beard grass,species,Plantae,270
633488,Gaya parviflora,,species,Plantae,270
161256,Cuphea glutinosa,sticky waxweed,species,Plantae,269
543681,Ficus luschnathiana,,species,Plantae,269
429151,Bougainvillea spinosa,,species,Plantae,268
336677,Solanum chenopodioides,tall nightshade,species,Plantae,267
429176,Bulnesia retama,,species,Plantae,267
1446701,Parodia erinaceus,,species,Plantae,267
430276,Nothofagus dombeyi,Dombey's Beech,species,Plantae,264
447704,Zuccagnia punctata,,species,Plantae,264
77624,Lantana montevidensis,creeping lantana,species,Plantae,262
47445,Mimosa pigra,Giant Sensitive Plant,species,Plantae,261
540992,Gaillardia megapotamica,,species,Plantae,260
925179,Baccharis aliena,,species,Plantae,260
75751,Berberis darwinii,Darwin's Barberry,species,Plantae,259
543079,Lithraea molleoides,,species,Plantae,259
441419,Opuntia megapotamica,,species,Plantae,257
79313,Tagetes minuta,wild marigold,species,Plantae,256
135403,Luehea divaricata,,species,Plantae,256
75386,Alternanthera philoxeroides,Alligatorweed,species,Plantae,255
75457,Anredera cordifolia,Mignonette vine,species,Plantae,255
626809,Vassobia breviflora,,species,Plantae,255
528701,Olsynium junceum,,species,Plantae,252
126496,Oxalis adenophylla,Silver Shamrock,species,Plantae,251
159818,Canna glauca,water canna,species,Plantae,251
806760,Calceolaria polyrhiza,,species,Plantae,251
157974,Acmella decumbens,Creeping Spotflower,species,Plantae,250
286252,Psychotria carthagenensis,amyruca,species,Plantae,250
71222,Suaeda divaricata,Jume,species,Plantae,247
804951,Callianthe pauciflora,,species,Plantae,247
164850,Ludwigia bonariensis,,species,Plantae,246
407490,Gymnocoronis spilanthoides,Senegal tea,species,Plantae,246
601675,Croton urucurana,,species,Plantae,246
527637,Maytenus vitis-idaea,,species,Plantae,244
854678,Cayaponia podantha,,species,Plantae,244
1019421,Porlieria microphylla,,species,Plantae,244
1477875,Pseudalbizzia inundata,,species,Plantae,241
357300,Eugenia myrcianthes,,species,Plantae,240
47159,Schoenoplectus californicus,California bulrush,species,Plantae,238
79065,Sesbania punicea,Scarlet Sesbane,species,Plantae,237
512754,Salvia cuspidata,Lucky Punasage,species,Plantae,237
489666,Calceolaria uniflora,Darwin's Slipper,species,Plantae,236
870914,Inga uraguensis,,species,Plantae,236
160646,Cissus verticillata,Possum grape,species,Plantae,235
410703,Margyricarpus pinnatus,Pearl fruit,species,Plantae,235
438962,Gymnocalycium monvillei,,species,Plantae,235
543802,Janusia guaranitica,,species,Plantae,235
79068,Setaria parviflora,knotroot bristlegrass,species,Plantae,234
474124,Chloraea magellanica,Porcelain orchid,species,Plantae,234
366111,Trithrinax campestris,,species,Plantae,233
565053,Philibertia gilliesii,,species,Plantae,233
570945,Ourisia ruellioides,,species,Plantae,231
791835,Berberis ruscifolia,,species,Plantae,231
83832,Ximenia americana,Hog plum,species,Plantae,229
795524,Monttea aphylla,,species,Plantae,229
898742,Senegalia praecox,,species,Plantae,229
1127919,Sarcomphalus mistol,,species,Plantae,228
126392,Caltha sagittata,Arrow-leaved Marigold,species,Plantae,227
126633,Ruellia simplex,Mexican Ruellia,species,Plantae,227
52599,Pontederia cordata,pickerelweed,species,Plantae,226
159075,Atriplex lampa,South American Saltbush,species,Plantae,226
274158,Chaptalia nutans,Silver Puff,species,Plantae,226
479949,Tristerix corymbosus,Quintral,species,Plantae,226
830545,Agalinis communis,,species,Plantae,226
78087,Modiola caroliniana,Bristly Mallow,species,Plantae,225
129588,Maihuenia patagonica,Chupasangre,species,Plantae,224
130870,Iresine diffusa,Juba's Bush,species,Plantae,223
543080,Salvia pallida,,species,Plantae,223
715323,Mandevilla petraea,,species,Plantae,223
870911,Cuphea fruticosa,,species,Plantae,223
441705,Parodia mammulosa,,species,Plantae,222
277922,Teucrium vesicarium,,species,Plantae,221
447398,Colliguaja integerrima,,species,Plantae,220
872007,Senegalia gilliesii,,species,Plantae,219
465356,Gaultheria pumila,Mountain berry,species,Plantae,217
790841,Tillandsia recurvifolia,,species,Plantae,217
77969,Maytenus boaria,Maiten tree,species,Plantae,216
285357,Cuphea racemosa,,species,Plantae,216
1169181,Solanum pilcomayense,,species,Plantae,216
76765,Eclipta prostrata,False Daisy,species,Plantae,215
170415,Zephyranthes candida,White rain-lily,species,Plantae,215
544063,Gomesa bifolia,,species,Plantae,215
706009,Tillandsia tricholepis,,species,Plantae,215
181319,Ruprechtia apetala,,species,Plantae,214
794171,Convolvulus hermanniae,,species,Plantae,214
169349,Stenandrium dulce,Sweet Shaggytuft,species,Plantae,213
289607,Cyrtocymura scorpioides,,species,Plantae,212
1199706,Tillandsia pedicellata,,species,Plantae,212
1264600,Zephyranthes bifida,Oxblood Lily,species,Plantae,212
1304538,Croton gracilipes,,species,Plantae,212
474126,Chloraea alpina,Patagonian Alpine Orchid,species,Plantae,211
428955,Eryngium paniculatum,Chupalla,species,Plantae,210
490878,Lomatia hirsuta,Radal,species,Plantae,210
278781,Drimys winteri,Winter's Bark,species,Plantae,208
79345,Thelesperma megapotamicum,Rayless Greenthread,species,Plantae,207
336376,Senecio smithii,Magellan Ragwort,species,Plantae,205
438976,Gymnocalycium saglionis,,species,Plantae,205
230664,Scoparia montevidensis,broomwort,species,Plantae,204
58203,Malvella leprosa,alkali mallow,species,Plantae,203
431232,Lippia turbinata,,species,Plantae,203
465433,Rubus geoides,Falkland Strawberry,species,Plantae,202
559683,Cleome houtteana,Spider flower,species,Plantae,202
160266,Celtis pallida,spiny hackberry,species,Plantae,201
204417,Sphaeralcea mendocina,Mendoza Globemallow,species,Plantae,201
484839,Proustia cuneifolia,,species,Plantae,201
870042,Trichocereus strigosus,,species,Plantae,201
49569,Tillandsia usneoides,Spanish moss,species,Plantae,200
60202,Myriophyllum aquaticum,Parrot's feather,species,Plantae,200
143701,Scutellaria racemosa,South American Skullcap,species,Plantae,200
489105,Anemone decapetala,Southern Anemone,species,Plantae,200
565000,Aristolochia argentina,,species,Plantae,200
1023123,Pfaffia gnaphalioides,,species,Plantae,200
624845,Saxifraga magellanica,fuegian saxifrage,species,Plantae,199
902968,Schinopsis lorentzii,,species,Plantae,199
77493,Ipheion uniflorum,Spring starflower,species,Plantae,198
122576,Evolvulus sericeus,silky evolvulus,species,Plantae,198
873827,Ipomoea grandifolia,,species,Plantae,198
158223,Alstroemeria psittacina,Peruvian Lily,species,Plantae,197
325607,Anarthrophyllum desideratum,mataguanaco,species,Plantae,197
57920,Xanthium strumarium,rough cocklebur,species,Plantae,196
878629,Chromolaena hirsuta,,species,Plantae,196
424124,Sisyrinchium platense,,species,Plantae,195
924681,Tristagma patagonicum,,species,Plantae,195
163028,Flaveria bidentis,speedyweed,species,Plantae,194
159204,Begonia cucullata,Wax begonia,species,Plantae,193
1493129,Neltuma flexuosa,,species,Plantae,193
542070,Passiflora misera,,species,Plantae,192
887202,Zanthoxylum coco,,species,Plantae,192
564993,Acalypha communis,,species,Plantae,189
825338,Krapovickasia flavescens,,species,Plantae,189
77550,Juncus acutus,spiny rush,species,Plantae,188
327664,Cereus hildmannianus,Andes organ pipe cactus,species,Plantae,188
447991,Senecio filaginoides,,species,Plantae,188
448484,Polylepis australis,,species,Plantae,188
473032,Azorella trifurcata,Cushion Bolax,species,Plantae,188
1493103,Neltuma affinis,,species,Plantae,188
78618,Plantago patagonica,Woolly Plantain,species,Plantae,187
855528,Pinnasa bergii,,species,Plantae,187
439003,Harrisia pomanensis,Midnight-Lady,species,Plantae,186
480386,Junellia seriphioides,,species,Plantae,186
508771,Puya spathacea,,species,Plantae,186
704947,Nassauvia magellanica,Hairy chocolate flower,species,Plantae,186
319972,Cumulopuntia boliviana,,species,Plantae,185
781518,Eryngium ebracteatum,,species,Plantae,185
200054,Euphorbia serpens,Matted Sandmat,species,Plantae,184
158270,Ambrosia tenuifolia,Lacy Ragweed,species,Plantae,183
971812,Buddleja cordobensis,,species,Plantae,183
564994,Lepechinia floribunda,,species,Plantae,182
552880,Glandularia platensis,,species,Plantae,181
75732,Bacopa monnieri,Herb-of-Grace,species,Plantae,180
364167,Acrocomia totai,totai palm,species,Plantae,180
166212,Passiflora morifolia,woodland passionflower,species,Plantae,179
961374,Nierembergia aristata,,species,Plantae,179
1071049,Lycium tenuispinosum,,species,Plantae,179
159852,Cardiospermum grandiflorum,Showy Balloon Vine,species,Plantae,178
806631,Calceolaria biflora,Yellow Lady's Slipper,species,Plantae,178
876538,Libidibia paraguariensis,,species,Plantae,178
1493150,Neltuma nigra,,species,Plantae,178
83168,Araucaria angustifolia,Paraná Araucaria,species,Plantae,177
62859,Psidium guajava,Common guava,species,Plantae,176
790101,Eryngium eburneum,,species,Plantae,176
881522,Aspilia montevidensis,,species,Plantae,176
807297,Nymphoides humboldtiana,Floatingheart,species,Plantae,175
705214,Baccharis ulicina,,species,Plantae,174
542500,Heteropterys glabra,red wing,species,Plantae,173
544212,Eryngium elegans,,species,Plantae,173
790303,Senecio selloi,,species,Plantae,173
363583,Opuntia elata,Riverina pear,species,Plantae,172
624415,Hypochaeris incana,,species,Plantae,171
634426,Cucurbitella asperata,,species,Plantae,171
870396,Lobivia bruchii,,species,Plantae,171
506308,Bidens subalternans,Greater Beggarticks,species,Plantae,170
636174,Bolax gummifera,Balsam-bog,species,Plantae,170
772982,Orthosia virgata,,species,Plantae,170
782326,Capparicordis tweedieana,,species,Plantae,169
159650,Calibrachoa parviflora,seaside petunia,species,Plantae,168
290016,Peltophorum dubium,Yellow Poinciana,species,Plantae,168
882389,Cissus palmata,,species,Plantae,168
947662,Lantana grisebachii,,species,Plantae,167
83488,Acaena ovalifolia,Two-spined Acaena,species,Plantae,166
465569,Glandularia aristigera,South American mock vervain,species,Plantae,166
442811,Pterocactus tuberosus,,species,Plantae,165
484147,Senna aphylla,,species,Plantae,165
796601,Paullinia elegans,,species,Plantae,164
1080289,Zephyranthes gilliesiana,,species,Plantae,164
1238369,Leptospron adenanthum,,species,Plantae,164
165658,Nassella neesiana,Chilean Needle Grass,species,Plantae,163
280039,Chromolaena ivifolia,Ivyleaf Thoroughwort,species,Plantae,163
910345,Nectandra angustifolia,,species,Plantae,163
208759,Convolvulus crenatifolius,,species,Plantae,162
541860,Chuquiraga avellanedae,,species,Plantae,162
796520,Oxypetalum coccineum,,species,Plantae,161
48685,Typha latifolia,broadleaf cattail,species,Plantae,159
55367,Fragaria chiloensis,beach strawberry,species,Plantae,159
286502,Urera baccifera,Scratchbush,species,Plantae,159
77423,Hoffmannseggia glauca,Indian rushpea,species,Plantae,158
138577,Senna pendula,Christmas Senna,species,Plantae,158
1038287,Solanum juvenale,,species,Plantae,158
440126,Maihueniopsis darwinii,,species,Plantae,156
790234,Discaria chacaye,,species,Plantae,156
431288,Maytenus ilicifolia,,species,Plantae,155
1254002,Tessaria dodonaeifolia,,species,Plantae,155
62944,Cardiospermum halicacabum,Lesser Balloon Vine,species,Plantae,154
489261,Pitraea cuneato-ovata,,species,Plantae,154
791130,Deuterocohnia longipetala,,species,Plantae,154
443389,Schinopsis balansae,,species,Plantae,153
1017159,Opuntia rioplatensis,,species,Plantae,153
77541,Jacaranda mimosifolia,blue jacaranda,species,Plantae,152
131583,Vigna luteola,Wild Cowpea,species,Plantae,152
345545,Victoria cruziana,Santa Cruz Waterlily,species,Plantae,152
527639,Mandevilla pentlandiana,,species,Plantae,152
840838,Ceiba chodatii,,species,Plantae,152
206261,Echinodorus grandiflorus,Large-flowered Amazon,species,Plantae,151
405814,Salvia uliginosa,Bog sage,species,Plantae,151
482895,Tillandsia lorentziana,,species,Plantae,151
965470,Baccharis magellanica,Christmas Bush,species,Plantae,151
181593,Aristotelia chilensis,Chilean Wineberry,species,Plantae,150
968741,Eryngium coronatum,,species,Plantae,150
77310,Gunnera tinctoria,Chilean rhubarb,species,Plantae,149
326106,Praxelis clematidea,pussyfoot,species,Plantae,149
790506,Picrosia longifolia,,species,Plantae,149
735369,Adenocaulon chilense,Straightflowered trailplant,species,Plantae,148
1493144,Neltuma kuntzei,,species,Plantae,148
169944,Tridax procumbens,Tridax Daisy,species,Plantae,147
181815,Petunia integrifolia,violetflower petunia,species,Plantae,147
283656,Hypoxis decumbens,coquí,species,Plantae,147
346964,Olsynium biflorum,streaked maiden,species,Plantae,147
474123,Chusquea culeou,,species,Plantae,147
564156,Microgramma mortoniana,,species,Plantae,147
742012,Valeriana carnosa,,species,Plantae,147
855357,Ranunculus apiifolius,,species,Plantae,147
169489,Symphyotrichum squamatum,saltmarsh aster,species,Plantae,146
480702,Calycera crassifolia,,species,Plantae,146
886707,Zexmenia buphtalmiflora,,species,Plantae,146
347994,Cereus forbesii,,species,Plantae,145
1081582,Maytenus spinosa,,species,Plantae,145
60295,Paspalum dilatatum,Dallis grass,species,Plantae,144
801344,Nassauvia axillaris,,species,Plantae,143
127942,Verbena rigida,Slender Vervain,species,Plantae,142
167843,Rhynchosida physocalyx,beaked sida,species,Plantae,142
878162,Castela coccinea,,species,Plantae,142
881503,Baccharis linearifolia,,species,Plantae,142
1610436,Iocenes virens,,species,Plantae,142
127912,Thalia geniculata,alligator flag,species,Plantae,141
163869,Hydrocleys nymphoides,Water Poppy,species,Plantae,141
427405,Croton bonplandianus,Bonpland's croton,species,Plantae,141
438707,Eriosyce strausiana,,species,Plantae,141
451790,Ranunculus peduncularis,,species,Plantae,141
170401,Zanthoxylum fagara,Lime Prickly-ash,species,Plantae,140
281420,Zanthoxylum rhoifolium,Tambataru,species,Plantae,140
791357,Adesmia corymbosa,,species,Plantae,140
1117850,Schinus patagonica,,species,Plantae,140
48497,Gleditsia amorphoides,,species,Plantae,139
76746,Dysphania ambrosioides,Mexican tea,species,Plantae,139
143429,Aristolochia fimbriata,White Veined Pipevine,species,Plantae,139
438596,Echinopsis rhodotricha,,species,Plantae,139
559066,Gochnatia glutinosa,,species,Plantae,139
635475,Primula magellanica,Dusty Miller,species,Plantae,139
783137,Mirabilis ovata,,species,Plantae,139
794310,Stevia satureiifolia,,species,Plantae,139
856973,Lippia junelliana,,species,Plantae,139
1593561,Salmonopuntia salmiana,,species,Plantae,139
48178,Galinsoga parviflora,Gallant Soldier,species,Plantae,138
876539,Tabebuia nodosa,,species,Plantae,138
162726,Escallonia rubra,redclaws,species,Plantae,137
162153,Duranta erecta,Skyflower,species,Plantae,136
549179,Noticastrum diffusum,,species,Plantae,136
525583,Collaea argentina,,species,Plantae,135
602587,Nierembergia rigida,,species,Plantae,135
854660,Justicia brasiliana,,species,Plantae,135
1644302,Austroflourensia thurifera,,species,Plantae,135
75455,Anoda cristata,violettas,species,Plantae,134
544608,Chromolaena arnottiana,,species,Plantae,134
121263,Tipuana tipu,Pride of Bolivia,species,Plantae,133
135485,Ephedra ochreata,,species,Plantae,132
801351,Nassauvia glomerulosa,,species,Plantae,132
709838,Blumenbachia insignis,,species,Plantae,131
986540,Baccharis juncea,,species,Plantae,131
474125,Gavilea odoratissima,Fragrant Gavilea,species,Plantae,130
571199,Escallonia virgata,,species,Plantae,130
62894,Vallesia glabra,Pearlberry,species,Plantae,129
181910,Maytenus magellanica,Magellanic mayten,species,Plantae,129
430643,Anadenanthera colubrina,Red Angico,species,Plantae,129
808333,Handroanthus heptaphyllus,,species,Plantae,129
288987,Chromolaena laevigata,,species,Plantae,128
349274,Senecio vira-vira,,species,Plantae,128
527649,Misodendrum linearifolium,,species,Plantae,128
790464,Terminalia australis,,species,Plantae,128
186782,Tephrocactus alexanderi,,species,Plantae,127
403721,Mandevilla laxa,Chilean jasmine,species,Plantae,127
768985,Cestrum strigilatum,strigilate cestrum,species,Plantae,127
1072162,Xylosma venosa,,species,Plantae,127
60987,Lepidium didymum,Lesser swine-cress,species,Plantae,126
870009,Lobivia ferox,,species,Plantae,126
1493102,Strombocarpa torquata,,species,Plantae,125
58372,Distichlis spicata,Saltgrass,species,Plantae,124
287387,Hydrocotyle leucocephala,Brazilian Pennywort,species,Plantae,124
440127,Maihueniopsis glomerata,,species,Plantae,124
444259,Tephrocactus aoracanthus,,species,Plantae,124
544611,Barnadesia odorata,,species,Plantae,124
804788,Trichocline reptans,,species,Plantae,124
888320,Buddleja mendozensis,,species,Plantae,123
965421,Senecio ceratophylloides,,species,Plantae,123
169769,Tillandsia tenuifolia,,species,Plantae,122
1031277,Agalinis genistifolia,,species,Plantae,122
166755,Phyllanthus niruri,stone breaker tea,species,Plantae,121
207116,Pontederia rotundifolia,Tropical pickerelweed,species,Plantae,121
273914,Sideroxylon obtusifolium,,species,Plantae,121
343812,Calceolaria crenatiflora,,species,Plantae,121
704556,Hypseocharis pimpinellifolia,,species,Plantae,121
482839,Bromelia balansae,Heart of Flame,species,Plantae,120
169088,Solanum viarum,tropical soda-apple,species,Plantae,119
316752,Arenaria serpens,,species,Plantae,119
441706,Parodia microsperma,,species,Plantae,119
881511,Melica macra,,species,Plantae,119
1518361,Labatia salicifolia,,species,Plantae,119
170151,Verbena montevidensis,Uruguayan Vervain,species,Plantae,118
439586,Lepismium cruciforme,,species,Plantae,118
483529,Pfaffia glomerata,,species,Plantae,118
871765,Ipomoea hieronymi,,species,Plantae,118
886959,Phlegmariurus saururus,Lizard Firmoss,species,Plantae,118
1114853,Chaetogastra gracilis,,species,Plantae,118
1549072,Cinnagrostis viridiflavescens,,species,Plantae,118
154290,Ceiba speciosa,Silk floss tree,species,Plantae,117
785927,Oenothera centaureifolia,,species,Plantae,117
324277,Senna crassiramea,,species,Plantae,116
782268,Salvia procurrens,,species,Plantae,116
116694,Desmodium incanum,creeping beggarweed,species,Plantae,115
884001,Ocotea acutifolia,,species,Plantae,115
1228750,Lycium ciliatum,,species,Plantae,115
59055,Cyperus eragrostis,tall flatsedge,species,Plantae,114
126634,Pyrostegia venusta,Flame vine,species,Plantae,114
557629,Siphocampylus foliosus,,species,Plantae,114
985710,Thaumatophyllum bipinnatifidum,Tree Philodendron,species,Plantae,114
75835,Boerhavia diffusa,Wineflower,species,Plantae,113
135482,Ephedra triandra,,species,Plantae,113
280909,Solanum betaceum,tamarillo,species,Plantae,113
464400,Baccharis crispa,,species,Plantae,113
983596,Senna pachyrrhiza,,species,Plantae,113
623458,Calceolaria filicaulis,,species,Plantae,112
791168,Jatropha excisa,,species,Plantae,112
900681,Cupania vernalis,,species,Plantae,112
926944,Glandularia venturii,,species,Plantae,112
425207,Cephalanthus glabratus,,species,Plantae,111
560005,Tillandsia capillaris,,species,Plantae,111
439290,Kageneckia lanceolata,,species,Plantae,110
786063,Senecio brasiliensis,,species,Plantae,110
79078,Sida spinosa,prickly fanpetals,species,Plantae,109
157462,Harrisia bonplandii,Giant Red Dragon Apple Cactus,species,Plantae,109
447996,Adesmia pinifolia,,species,Plantae,109
1046248,Chromolaena hookeriana,,species,Plantae,109
279660,Chascolytrum subaristatum,,species,Plantae,108
336585,Hypochaeris chillensis,Brazilian Cat's-ear,species,Plantae,108
1201164,Ananas macrodontes,False Pineapple,species,Plantae,108
332596,Galianthe brasiliensis,,species,Plantae,107
430869,Colletia hystrix,,species,Plantae,107
634208,Baccharis spartioides,,species,Plantae,107
793758,Ruellia angustiflora,,species,Plantae,107
853701,Achatocarpus praecox,,species,Plantae,107
856079,Pavonia cymbalaria,,species,Plantae,107
78701,Porophyllum ruderale,yerba porosa,species,Plantae,106
79440,Triodanis biflora,Venus's looking-glass,species,Plantae,106
488468,Tillandsia didisticha,,species,Plantae,106
1008575,Opuntia bonaerensis,,species,Plantae,106
51448,Passiflora foetida,Stinking Passionflower,species,Plantae,105
58754,Azolla filiculoides,water fern,species,Plantae,105
76791,Eleusine tristachya,three-spiked goose grass,species,Plantae,105
164514,Lepidium bonariense,Argentine Cress,species,Plantae,105
361076,Oxalis enneaphylla,Scurvygrass woodsorrel,species,Plantae,105
717369,Gomphrena elegans,,species,Plantae,105
805192,Acaena splendens,,species,Plantae,105
61963,Oxalis debilis,Largeflower pink-sorrel,species,Plantae,104
78456,Persicaria punctata,Dotted Smartweed,species,Plantae,104
160643,Cissampelos pareira,Velvetleaf,species,Plantae,104
788222,Aristolochia triangularis,Triangular Dutchmanspipe,species,Plantae,103
1077201,Gomphrena perennis,,species,Plantae,103
162914,Evolvulus arizonicus,Arizona blue-eyes,species,Plantae,102
438979,Gymnocalycium spegazzinii,,species,Plantae,102
569876,Gomphrena celosioides,prostrate globe-amaranth,species,Plantae,102
430749,Brunfelsia australis,southern raintree,species,Plantae,101
543081,Bougainvillea stipitata,,species,Plantae,101
1031333,Portulaca cryptopetala,,species,Plantae,101
179391,Bidens triplinervia,,species,Plantae,100
602052,Euphorbia portulacoides,,species,Plantae,100
823731,Calyptocarpus brasiliensis,,species,Plantae,100
565008,Tripodanthus flagellaris,,species,Plantae,99
984519,Urvillea uniloba,,species,Plantae,99
1493119,Neltuma chilensis,Chilean Mesquite,species,Plantae,99
983631,Vernonia incana,,species,Plantae,98
83009,Viola reichei,Patagonian yellow violet,species,Plantae,97
440878,Myrcianthes pungens,,species,Plantae,97
488444,Caiophora chuquitensis,,species,Plantae,97
891981,Sebastiania commersoniana,,species,Plantae,97
708807,Pacourina edulis,,species,Plantae,96
1038195,Grindelia scorzonerifolia,,species,Plantae,96
1051092,Aeschynomene montevidensis,,species,Plantae,96
1264638,Lessingianthus rubricaulis,,species,Plantae,96
165060,Macroptilium lathyroides,Phasey Bean,species,Plantae,95
165389,Mikania micrantha,mile-a-minute,species,Plantae,95
273870,Casearia sylvestris,crackopen,species,Plantae,95
543868,Urera aurantiaca,,species,Plantae,95
732719,Geum magellanicum,,species,Plantae,95
870259,Acanthocalycium thionanthum,,species,Plantae,95
276579,Cyclopogon elatus,Tall Spiral Orchid,species,Plantae,94
380978,Senecio crassiflorus,lavender steps,species,Plantae,94
479632,Erythrina falcata,Brazilian coral tree,species,Plantae,94
847649,Bromelia serra,Bayonet Bromeliad,species,Plantae,94
126569,Stachytarpheta cayennensis,Rattail,species,Plantae,93
158231,Alternanthera pungens,creeping chaffweed,species,Plantae,93
437335,Austrocactus bertinii,,species,Plantae,93
554013,Verbena intermedia,,species,Plantae,93
887393,Tillandsia australis,,species,Plantae,93
962891,Plantago tomentosa,Dwarf Plantain,species,Plantae,93
281753,Chamissoa altissima,false chaff flower,species,Plantae,92
850573,Limnobium laevigatum,Amazon Frogbit,species,Plantae,92
1390397,Persicaria stelligera,,species,Plantae,92
165865,Oplismenus hirtellus,Basket Grass,species,Plantae,91
166188,Paspalum notatum,Bahia grass,species,Plantae,91
282976,Stemodia verticillata,Whorled Twintip,species,Plantae,91
570676,Callianthe picta,Redvein Abutilon,species,Plantae,91
635480,Leptinella scariosa,Buttonweed,species,Plantae,90
878622,Holocheilus hieracioides,,species,Plantae,90
893164,Parasenegalia visco,Viscote Negro,species,Plantae,90
170213,Vicia nigricans,Black Vetch,species,Plantae,89
790503,Angelonia integerrima,,species,Plantae,89
869329,Vasconcellea quercifolia,oak-leaf pawpaw,species,Plantae,89
1108231,Berberis serratodentata,,species,Plantae,89
801354,Nassauvia lagascae,,species,Plantae,88
1079583,Lycium infaustum,,species,Plantae,88
135639,Podocarpus parlatorei,Pino Blanco,species,Plantae,87
166292,Pellaea ternifolia,trans-Pecos cliffbrake,species,Plantae,87
545073,Cynophalla retusa,,species,Plantae,87
545074,Microgramma vacciniifolia,,species,Plantae,87
1493165,Neltuma ruscifolia,,species,Plantae,87
53166,Osmorhiza berteroi,mountain sweet cicely,species,Plantae,86
168847,Senna occidentalis,Coffee Senna,species,Plantae,86
324502,Euploca procumbens,fourspike heliotrope,species,Plantae,86
438225,Cereus stenogonus,,species,Plantae,86
865025,Oxalis conorrhiza,,species,Plantae,86
1526366,Lysimachia amoena,Pimpernel,species,Plantae,86
1658603,Xiphodesma anthemoides,,species,Plantae,86
61230,Acaena pinnatifida,Argentinian biddy biddy,species,Plantae,85
165300,Mentzelia albescens,Wavyleaf mentzelia,species,Plantae,85
461593,Tristerix verticillatus,,species,Plantae,85
702537,Solanum chacoense,Chaco potato,species,Plantae,85
869974,Lobivia aurea,,species,Plantae,85
78156,Myriophyllum quitense,andean water-milfoil,species,Plantae,84
482064,Ehretia cortesia,,species,Plantae,84
769364,Cordia americana,,species,Plantae,84
801411,Junellia crithmifolia,,species,Plantae,84
1590558,Solanum tweedieanum,,species,Plantae,84
155135,Euterpe edulis,,species,Plantae,83
156460,Pseudogynoxys benthamii,,species,Plantae,83
430868,Colletia paradoxa,Anchor plant,species,Plantae,83
527644,Desfontainia fulgens,Chilean Holly,species,Plantae,83
638995,Oxalis hispidula,fine bristle woodsorrel,species,Plantae,83
55189,Aristolochia littoralis,Calico-flower,species,Plantae,82
61210,Microsteris gracilis,slender phlox,species,Plantae,82
361866,Talinum fruticosum,Philippine spinach,species,Plantae,82
164076,Ipomoea amnicola,Redcenter Morning-glory,species,Plantae,81
189148,Alnus acuminata,Andean Alder,species,Plantae,81
205050,Oreocereus celsianus,Old-man-of-the-Andes,species,Plantae,81
431348,Myrceugenia glaucescens,,species,Plantae,81
1043279,Cestrum lorentzianum,,species,Plantae,80
1493107,Neltuma alpataco,,species,Plantae,80
165207,Mecardonia procumbens,Yellow-flowered waterhyssop,species,Plantae,79
792848,Salicornia neei,South American Glasswort,species,Plantae,79
1038342,Vachellia astringens,,species,Plantae,79
1062905,Gonopterodendron sarmientoi,,species,Plantae,79
442990,Rhipsalis floccosa,,species,Plantae,78
490879,Maytenus disticha,,species,Plantae,78
631312,Erythranthe lutea,Blood-drop-emlets,species,Plantae,78
1006950,Annona emarginata,,species,Plantae,78
50338,Ludwigia peruviana,Peruvian primrose-willow,species,Plantae,77
130872,Schinus terebinthifolia,Brazilian pepper,species,Plantae,77
161825,Dichondra sericea,silverleaf ponysfoot,species,Plantae,77
634492,Lycium gilliesianum,,species,Plantae,77
950658,Justicia goudotii,,species,Plantae,77
1471063,Myrsine lorentziana,,species,Plantae,77
162267,Elephantopus mollis,elephant's foot,species,Plantae,76
166499,Peperomia tetraphylla,acorn peperomia,species,Plantae,76
543869,Stemodia lanceolata,,species,Plantae,76
937379,Quechualia fulta,,species,Plantae,76
937397,Erigeron primulifolius,Chilean Fleabane,species,Plantae,76
127681,Centrosema virginianum,butterfly pea,species,Plantae,75
135931,Fitzroya cupressoides,Patagonian cypress,species,Plantae,75
636176,Luzuriaga marginata,Almond Flower,species,Plantae,75
1067849,Sisyrinchium pachyrhizum,,species,Plantae,75
76563,Cyclospermum leptophyllum,Marsh parsley,species,Plantae,74
279627,Paspalum quadrifarium,tussock paspalum,species,Plantae,74
438214,Cereus hankeanus,,species,Plantae,74
204374,Perezia multiflora,,species,Plantae,73
1264599,Vernonanthura squamulosa,,species,Plantae,73
564178,Aechmea recurvata,,species,Plantae,72
804880,Misodendrum quadriflorum,,species,Plantae,72
1072166,Phyllanthus chacoensis,,species,Plantae,72
367032,Manettia cordifolia,Firecracker Vine,species,Plantae,71
871059,Tephrocactus verschaffeltii,,species,Plantae,71
965729,Thalia multiflora,,species,Plantae,71
126305,Hamelia patens,Firebush,species,Plantae,70
290949,Ruellia erythropus,,species,Plantae,70
764620,Ruprechtia laxiflora,,species,Plantae,70
880906,Smallanthus connatus,,species,Plantae,70
886724,Grindelia buphthalmoides,,species,Plantae,70
804859,Sisyrinchium arenarium,,species,Plantae,69
158023,Adiantum raddianum,Delta Maidenhair Fern,species,Plantae,68
163526,Harrisia martinii,Moon Cactus,species,Plantae,68
168612,Schkuhria pinnata,dwarf marigold,species,Plantae,68
533361,Calceolaria valdiviana,,species,Plantae,68
131569,Crotalaria incana,shakeshake,species,Plantae,67
189511,Aspidosperma polyneuron,Red peroba,species,Plantae,67
525871,Grahamia bracteata,,species,Plantae,67
825246,Ludwigia sericea,,species,Plantae,67
871608,Salta triflora,,species,Plantae,67
977215,Pombalia parviflora,,species,Plantae,67
143422,Ageratum conyzoides,billygoat weed,species,Plantae,66
779304,Plumbago caerulea,Chilean plumbago,species,Plantae,66
785754,Chrysophyllum marginatum,,species,Plantae,66
1010112,Myrcia selloi,,species,Plantae,66
1043968,Mentzelia parvifolia,,species,Plantae,66
58755,Cystopteris fragilis,brittle bladderfern,species,Plantae,65
439250,Juglans australis,,species,Plantae,65
855685,Polystichum plicatum,,species,Plantae,65
952228,Sapindus saponaria,Wingleaf Soapberry,species,Plantae,65
560872,Holocalyx balansae,,species,Plantae,64
623234,Gavilea araucana,Araucana orchid,species,Plantae,64
905137,Leptochloa crinita,false Rhodes grass,species,Plantae,64
941891,Halerpestes cymbalaria,Alkali Buttercup,species,Plantae,64
1264660,Zephyranthes jamesonii,,species,Plantae,64
284610,Aristolochia trilobata,,species,Plantae,63
741593,Myoschilos oblongus,,species,Plantae,63
965424,Ochetophila trinervis,,species,Plantae,63
1025362,Limonium brasiliense,,species,Plantae,63
166500,Pereskia aculeata,Barbados gooseberry,species,Plantae,62
465369,Polystichum andinum,,species,Plantae,62
523870,Pseudognaphalium gaudichaudianum,,species,Plantae,62
626601,Schizanthus grahamii,bright pink Chilean butterfly flower,species,Plantae,61
699074,Sambucus peruviana,Peruvian elder,species,Plantae,61
1008052,Pleopeltis minima,,species,Plantae,61
51447,Passiflora alata,Winged-Stem Passion Flower,species,Plantae,60
162930,Facelis retusa,Annual Trampweed,species,Plantae,60
281611,Guarea macrophylla,,species,Plantae,60
795785,Commelina platyphylla,,species,Plantae,60
801378,Caiophora lateritia,Brick-Red Caiophora,species,Plantae,60
823389,Pseudabutilon virgatum,,species,Plantae,60
135399,Cedrela fissilis,Brazilian Cedarwood,species,Plantae,59
168255,Rumohra adiantiformis,leatherleaf fern,species,Plantae,59
790912,Ovidia andina,,species,Plantae,59
884049,Lonchocarpus nitidus,,species,Plantae,59
984165,Peperomia aceroana,,species,Plantae,59
563841,Acanthosyris spinescens,,species,Plantae,58
1112894,Carex bonariensis,,species,Plantae,58
166946,Pityrogramma trifoliata,Goldenrod fern,species,Plantae,57
527643,Gaultheria poeppigii,Chaura,species,Plantae,57
700618,Dioscorea dodecaneura,variegated monkey ball vine,species,Plantae,57
765800,Sida poeppigiana,,species,Plantae,57
829608,Bipinnula penicillata,,species,Plantae,57
856976,Mulguraea tridens,,species,Plantae,57
61374,Physalis angulata,cutleaf groundcherry,species,Plantae,56
431083,Guettarda uruguensis,,species,Plantae,56
431709,Tropaeolum polyphyllum,wreath nasturtium,species,Plantae,56
777164,Arjona tuberosa,,species,Plantae,56
809219,Trichilia elegans,,species,Plantae,56
841853,Escallonia cordobensis,,species,Plantae,56
854676,Cayaponia bonariensis,melonleaf,species,Plantae,56
903770,Mimozyganthus carinatus,,species,Plantae,56
1063080,Gutierrezia gilliesii,,species,Plantae,56
56422,Ricciocarpos natans,fringed heartwort,species,Plantae,55
77222,Gamochaeta stachidifolia,,species,Plantae,55
450336,Nothofagus obliqua,Patagonian oak,species,Plantae,55
481728,Myriopteris myriophylla,,species,Plantae,55
490876,Weinmannia trichosperma,Tineo,species,Plantae,55
135478,Ephedra frustillata,Patagonian Ephedra,species,Plantae,54
283226,Varronia curassavica,Tropical Black Sage,species,Plantae,54
381098,Geranium sessiliflorum,,species,Plantae,54
563297,Parapiptadenia rigida,,species,Plantae,54
565001,Tripodanthus acutifolius,,species,Plantae,54
860983,Trixis divaricata,,species,Plantae,54
79340,Teucrium cubense,coastal germander,species,Plantae,53
166997,Plantago australis,Swamp plantain,species,Plantae,53
475490,Viola maculata,common violet,species,Plantae,53
782627,Berberis trigona,Narrow-leaved Barberry,species,Plantae,53
969060,Chloroleucon tenuiflorum,,species,Plantae,53
143515,Sphagnum magellanicum,Magellanic Peatmoss,species,Plantae,52
167547,Pterocaulon virgatum,wand blackroot,species,Plantae,52
181005,Acanthosyris falcata,,species,Plantae,52
280785,Desmodium uncinatum,Silverleaf Desmodium,species,Plantae,52
442819,Pterogyne nitens,,species,Plantae,52
790338,Tragia geraniifolia,,species,Plantae,52
796074,Diostea juncea,,species,Plantae,52
51446,Passiflora edulis,common passionfruit,species,Plantae,51
63198,Trifolium polymorphum,peanut clover,species,Plantae,51
742130,Asplenium dareoides,,species,Plantae,51
855433,Raukaua laetevirens,,species,Plantae,51
967426,Baccharis artemisioides,,species,Plantae,51
982388,Daphnopsis racemosa,,species,Plantae,51
431153,Ipomoea platensis,,species,Plantae,50
441985,Pfeiffera monacantha,,species,Plantae,50
823367,Lathyrus magellanicus,Magellanic vetchling,species,Plantae,50
925961,Cortaderia hieronymi,,species,Plantae,50
78356,Paspalum urvillei,Vasey Grass,species,Plantae,49
161443,Cyperus giganteus,piripiri,species,Plantae,49
291391,Galium hypocarpium,Orange-fruited bedstraw,species,Plantae,49
790126,Bouchetia anomala,,species,Plantae,49
810829,Sisyrinchium patagonicum,Yellow pale maiden,species,Plantae,49
1089995,Mitracarpus megapotamicus,,species,Plantae,49
48597,Phytolacca bogotensis,Andean Pokeweed,species,Plantae,48
162829,Euphorbia heterophylla,painted spurge,species,Plantae,48
184692,Banara arguta,,species,Plantae,48
326751,Eryngium pandanifolium,Giant Sea Holly,species,Plantae,48
438972,Gymnocalycium reductum,,species,Plantae,48
527646,Mitraria coccinea,Chilean Mitre Flower,species,Plantae,48
810583,Sarcotoxicum salicifolium,,species,Plantae,48
1067762,Chromolaena christieana,,species,Plantae,48
56170,Galinsoga quadriradiata,shaggy soldier,species,Plantae,47
69172,Pilea microphylla,Artillery Plant,species,Plantae,47
168209,Ruellia brevifolia,Tropical Wild Petunia,species,Plantae,47
441039,Myrrhinium atropurpureum,,species,Plantae,47
708801,Sphagneticola brachycarpa,,species,Plantae,47
711077,Spermacoce dasycephala,,species,Plantae,47
713015,Arachnitis uniflora,Spider-flower,species,Plantae,47
740785,Gavilea australis,,species,Plantae,47
60248,Limosella australis,delta mudwort,species,Plantae,46
68562,Cosmos bipinnatus,garden cosmos,species,Plantae,46
129327,Passiflora suberosa,corkystem passionflower,species,Plantae,46
135473,Ephedra chilensis,Andean Jointfir,species,Plantae,46
157976,Acmella pusilla,Dwarf Spotflower,species,Plantae,46
165894,Opuntia monacantha,Drooping Pricklypear,species,Plantae,46
279563,Jarava ichu,peruvian feather grass,species,Plantae,46
325472,Tecoma fulva,,species,Plantae,46
628732,Lupinus gibertianus,,species,Plantae,46
1047012,Senecio pinnatus,,species,Plantae,46
1074357,Gaillardia cabrerae,,species,Plantae,46
1116794,Erythrina mulungu,,species,Plantae,46
1229092,Maihueniopsis hickenii,,species,Plantae,46
169016,Sisyrinchium chilense,swordleaf blue-eyed grass,species,Plantae,45
282706,Adiantum chilense,Chilean Maidenhair Fern,species,Plantae,45
635960,Hypochaeris tenuifolia,,species,Plantae,45
880802,Poikilacanthus glandulosus,,species,Plantae,45
1080473,Zephyranthes graciliflora,,species,Plantae,45
122711,Dodonaea viscosa,Akeake,species,Plantae,44
169902,Trema micranthum,Nettletree,species,Plantae,44
286477,Boehmeria caudata,,species,Plantae,44
775412,Pterocaulon alopecuroides,,species,Plantae,44
859862,Gentianella magellanica,Felwort,species,Plantae,44
182051,Sorocea bonplandii,,species,Plantae,43
571201,Escallonia alpina,,species,Plantae,43
878631,Eclipta elliptica,,species,Plantae,43
880804,Serjania meridionalis,,species,Plantae,43
130888,Erechtites hieraciifolius,American burnweed,species,Plantae,42
153366,Gamochaeta americana,American Everlasting,species,Plantae,42
164094,Ipomoea plummerae,Huachuca Mountain morning glory,species,Plantae,42
418804,Salvinia biloba,Lobed Salvinia,species,Plantae,42
704519,Blechnum chilense,Chilean hard fern,species,Plantae,42
803528,Myracrodruon balansae,,species,Plantae,42
1341071,Feijoa sellowiana,Feijoa,species,Plantae,42
58392,Typha domingensis,southern cattail,species,Plantae,41
84779,Plinia cauliflora,Jaboticaba,species,Plantae,41
160818,Commelina diffusa,climbing dayflower,species,Plantae,41
200053,Euphorbia prostrata,prostrate sandmat,species,Plantae,41
797142,Azorella nivalis,,species,Plantae,41
126493,Junellia micrantha,,species,Plantae,40
169171,Spermacoce verticillata,shrubby false buttonweed,species,Plantae,40
327479,Equisetum bogotense,Andean Horsetail,species,Plantae,40
441296,Nothofagus alpina,Rauli,species,Plantae,40
527543,Myrceugenia exsucca,,species,Plantae,40
556969,Jacaratia spinosa,Wild Papaya,species,Plantae,40
79187,Sporobolus indicus,smut grass,species,Plantae,39
281274,Handroanthus impetiginosus,pink ipê,species,Plantae,39
286187,Geophila repens,,species,Plantae,39
533509,Habenaria gourlieana,,species,Plantae,39
544345,Erythranthe glabrata,roundleaf monkeyflower,species,Plantae,39
855369,Cheilanthes glauca,,species,Plantae,39
1144013,Lupinus aureonitens,,species,Plantae,39
1493692,Chloroluma gonocarpa,,species,Plantae,39
133166,Bocconia frutescens,Parrotweed,species,Plantae,38
638324,Asteranthera ovata,Estrellita,species,Plantae,38
705611,Discaria articulata,,species,Plantae,38
1113916,Parkinsonia andicola,,species,Plantae,38
438061,Blossfeldia liliputana,,species,Plantae,37
542011,Tillandsia loliacea,,species,Plantae,37
784750,Tillandsia gilliesii,,species,Plantae,37
801722,Perezia pedicularidifolia,,species,Plantae,37
1079573,Mimosa rocae,,species,Plantae,37
1081278,Schinus praecox,,species,Plantae,37
184362,Cabralea canjerana,,species,Plantae,36
191896,Epiphyllum phyllanthus,,species,Plantae,36
282313,Tragia volubilis,fireman,species,Plantae,36
545792,Marsippospermum grandiflorum,Tall rush,species,Plantae,36
563409,Zephyranthes minima,,species,Plantae,36
805244,Frankenia triandra,,species,Plantae,36
899454,Ipomoea indivisa,,species,Plantae,36
1045256,Caltha appendiculata,Dwarf marigold,species,Plantae,36
1078975,Ocotea porphyria,,species,Plantae,36
1421299,Rockhausenia pygmaea,,species,Plantae,36
164081,Ipomoea carnea,Bush Morning Glory,species,Plantae,35
184567,Brasiliopuntia brasiliensis,,species,Plantae,35
209943,Maclura tinctoria,Fustic,species,Plantae,35
277704,Crateva tapia,,species,Plantae,35
283355,Bomarea edulis,salsilla,species,Plantae,35
553050,Senecio candidans,Angel Wings,species,Plantae,35
708050,Atriplex undulata,Wavy-leaved Saltbush,species,Plantae,35
967110,Mimosa bonplandii,,species,Plantae,35
461591,Argylia bustillosii,,species,Plantae,34
1062988,Solanum aloysiifolium,,species,Plantae,34
1104204,Gonopterodendron bonariense,,species,Plantae,34
1243517,Aldama tucumanensis,,species,Plantae,34
1555600,Elodea densa,Brazilian elodea,species,Plantae,34
60997,Ceratophyllum demersum,coontail,species,Plantae,33
161714,Desmanthus virgatus,Wild Tantan,species,Plantae,33
400851,Cissus striata,Miniature Grape Ivy,species,Plantae,33
431572,Ruprechtia salicifolia,,species,Plantae,33
448195,Bidens andicola,,species,Plantae,33
578804,Cordia trichotoma,,species,Plantae,33
1235292,Portulaca gilliesii,,species,Plantae,33
161824,Dichondra repens,kidney weed,species,Plantae,32
193722,Ilex paraguariensis,yerba mate,species,Plantae,32
278326,Piper amalago,jaborandi-manso,species,Plantae,32
285872,Peperomia rotundifolia,jade necklace,species,Plantae,32
937129,Guadua chacoensis,,species,Plantae,32
165806,Oenothera mollissima,,species,Plantae,31
169780,Tithonia rotundifolia,Red Sunflower,species,Plantae,31
400277,Calliandra selloi,Pink Powderpuff,species,Plantae,31
607033,Oenothera odorata,,species,Plantae,31
882109,Baccharis darwinii,,species,Plantae,31
972904,Sphaeralcea australis,,species,Plantae,31
1063994,Chuquiraga calchaquina,,species,Plantae,31
1524411,Celtis clausseniana,,species,Plantae,31
58133,Cressa truxillensis,Alkali Weed,species,Plantae,30
62915,Senna obtusifolia,American Sicklepod,species,Plantae,30
208820,Nassella trichotoma,Nassella Tussock,species,Plantae,30
327856,Justicia carnea,King's-crown,species,Plantae,30
332785,Panicum racemosum,,species,Plantae,30
543132,Xanthium cavanillesii,,species,Plantae,30
634375,Sommerfeltia spinulosa,,species,Plantae,30
1007067,Terminalia triflora,,species,Plantae,30
135546,Saxegothaea conspicua,Prince Albert's yew,species,Plantae,29
138202,Anemia tomentosa,,species,Plantae,29
138572,Rhynchosia senna,Texas Snoutbean,species,Plantae,29
157553,Heliocarpus americanus,white moho,species,Plantae,29
366110,Trithrinax schizophylla,,species,Plantae,29
430996,Eugenia pyriformis,,species,Plantae,29
795903,Scutellaria nummulariifolia,Skullcap,species,Plantae,29
1023208,Oxybasis macrosperma,,species,Plantae,29
1062687,Poissonia hypoleuca,,species,Plantae,29
564674,Ephedra tweedieana,,species,Plantae,28
565052,Pavonia argentina,,species,Plantae,28
626824,Lomatia ferruginea,Fuinque,species,Plantae,28
790306,Lobelia hederacea,,species,Plantae,28
163875,Hydrolea spinosa,Spiny False Fiddleleaf,species,Plantae,27
274161,Doryopteris concolor,Geranium Fern,species,Plantae,27
369393,Cyclosorus interruptus,Swamp Shield-fern,species,Plantae,27
545679,Lantana fucata,,species,Plantae,27
560900,Eugenia involucrata,Cherry of the Rio Grande,species,Plantae,27
779729,Heterostachys ritteriana,,species,Plantae,27
1043722,Xylosma pubescens,,species,Plantae,27
1132038,Calliandra tweediei,Mexican flamebush,species,Plantae,27
1318829,Notopappus prunelloides,,species,Plantae,27
131568,Chamaecrista nictitans,sensitive pea,species,Plantae,26
138982,Inga marginata,Guabilla,species,Plantae,26
143534,Carex banksii,Bank's sedge,species,Plantae,26
443392,Schinus gracilipes,,species,Plantae,26
538233,Psychotria leiocarpa,,species,Plantae,26
868832,Passiflora tenuifila,,species,Plantae,26
979492,Chiropetalum griseum,,species,Plantae,26
1063254,Descurainia erodiifolia,,species,Plantae,26
1078995,Diatenopteryx sorbifolia,,species,Plantae,26
54520,Tanacetum parthenium,feverfew,species,Plantae,25
67423,Ulva lactuca,Broadleaf Sea Lettuce,species,Plantae,25
133740,Castilleja arvensis,Field Paintbrush,species,Plantae,25
163902,Hygrophila costata,,species,Plantae,25
169301,Sporobolus pyramidatus,whorled dropseed,species,Plantae,25
447550,Schinus odonellii,,species,Plantae,25
465342,Azorella lycopodioides,Clubmoss azorella,species,Plantae,25
467000,Alsophila setosa,,species,Plantae,25
700283,Ramorinoa girolae,,species,Plantae,25
977763,Trimezia candida,white walking iris,species,Plantae,25
1005304,Dendrophorbium peregrinum,,species,Plantae,25
1080744,Glandularia flava,,species,Plantae,25
120167,Sapium glandulosum,,species,Plantae,24
157911,Acanthospermum hispidum,Bindii,species,Plantae,24
161419,Cyperus aggregatus,inflatedscale flatsedge,species,Plantae,24
569643,Mentzelia scabra,,species,Plantae,24
869965,Lobivia haematantha,,species,Plantae,24
897971,Chevreulia sarmentosa,,species,Plantae,24
934750,Parapiptadenia excelsa,,species,Plantae,24
1031117,Chrysolaena flexuosa,,species,Plantae,24
1061455,Senecio jarae,,species,Plantae,24
1156139,Schnella microstachya,,species,Plantae,24
77309,Guilleminea densa,small matweed,species,Plantae,23
133307,Oldenlandia salzmannii,,species,Plantae,23
154537,Psidium guineense,Brazilian Guava,species,Plantae,23
183730,Diplokeleba floribunda,,species,Plantae,23
549236,Drosera uniflora,Chilean sundew,species,Plantae,23
806669,Calceolaria elatior,,species,Plantae,23
984121,Glandularia scrobiculata,,species,Plantae,23
1198434,Lippia salsa,,species,Plantae,23
1492411,Loasa mendocina,,species,Plantae,23
75921,Cabomba caroliniana,Carolina Fanwort,species,Plantae,22
76593,Cyperus rotundus,Purple nutsedge,species,Plantae,22
138578,Senna spectabilis,whitebark senna,species,Plantae,22
189512,Aspidosperma triternatum,,species,Plantae,22
279184,Phenax laevigatus,,species,Plantae,22
327721,Geoffroea spinosa,,species,Plantae,22
427608,Erechtites valerianifolius,fireweed,species,Plantae,22
431726,Vitex megapotamica,,species,Plantae,22
480303,Phacelia artemisioides,,species,Plantae,22
486527,Cheilanthes buchtienii,,species,Plantae,22
551062,Geophila macropoda,,species,Plantae,22
957954,Oxalis perdicaria,Chilean wood sorrel,species,Plantae,22
966265,Eugenia uruguayensis,,species,Plantae,22
1051414,Hennecartia omphalandra,,species,Plantae,22
1065445,Senegalia tucumanensis,,species,Plantae,22
1068162,Croton laureltyanus,,species,Plantae,22
55971,Tanacetum vulgare,tansy,species,Plantae,21
77109,Euphorbia cyathophora,wild poinsettia,species,Plantae,21
84195,Chamaecrista rotundifolia,roundleaf sensitive pea,species,Plantae,21
125462,Nothoscordum bivalve,crowpoison,species,Plantae,21
138200,Anemia phyllitidis,,species,Plantae,21
169163,Spermacoce densiflora,,species,Plantae,21
276816,Juncus imbricatus,Andes Rush,species,Plantae,21
279598,Elionurus muticus,Wire Grass,species,Plantae,21
287292,Alchemilla pinnata,sillu sillu,species,Plantae,21
291548,Passiflora capsularis,,species,Plantae,21
334322,Microlobius foetidus,,species,Plantae,21
364997,Butia paraguayensis,,species,Plantae,21
431459,Pilocarpus pennatifolius,,species,Plantae,21
702361,Gaultheria phillyreifolia,,species,Plantae,21
810581,Justicia oranensis,,species,Plantae,21
816205,Nanodea muscosa,Foxberry,species,Plantae,21
829617,Gavilea chica,,species,Plantae,21
1110724,Justicia kuntzei,,species,Plantae,21
1117853,Schinus pilifera,,species,Plantae,21
1493140,Neltuma humilis,,species,Plantae,21
60317,Veronica peregrina,Purslane Speedwell,species,Plantae,20
286503,Urera caracasana,flameberry,species,Plantae,20
332455,Aloysia citrodora,lemon verbena,species,Plantae,20
438977,Gymnocalycium schickendantzii,,species,Plantae,20
465353,Drapetes muscosus,Drapetes,species,Plantae,20
545380,Guarea kunthiana,,species,Plantae,20
880800,Cleome titubans,,species,Plantae,20
969070,Helietta apiculata,,species,Plantae,20
984114,Stachys gilliesii,,species,Plantae,20
1418343,Chaetogastra brachyphylla,,species,Plantae,20
60880,Calystegia soldanella,Sea Bindweed,species,Plantae,19
138796,Mimosa bimucronata,,species,Plantae,19
139801,Adesmia muricata,,species,Plantae,19
164424,Lantana trifolia,Ternate Lantana,species,Plantae,19
166623,Pharus lappulaceus,Creeping Leafstalk Grass,species,Plantae,19
167316,Portulaca umbraticola,wingpod purslane,species,Plantae,19
185028,Phyllostylon rhamnoides,,species,Plantae,19
202489,Inga laurina,sacky sac bean,species,Plantae,19
346966,Viola magellanica,Fuegian violet,species,Plantae,19
428978,Haplopappus glutinosus,,species,Plantae,19
534316,Baccharis latifolia,Chilca,species,Plantae,19
603356,Mutisia coccinea,,species,Plantae,19
790122,Psidium kennedyanum,,species,Plantae,19
913288,Rhabdadenia ragonesei,,species,Plantae,19
939163,Matayba elaeagnoides,,species,Plantae,19
945458,Aniseia argentina,,species,Plantae,19
965521,Sorocea sprucei,,species,Plantae,19
1023196,Carex decidua,Creek sedge,species,Plantae,19
1064261,Sphaeralcea chenopodifolia,,species,Plantae,19
1246846,Passiflora urnifolia,,species,Plantae,19
138379,Mimosa xanthocentra,,species,Plantae,18
165713,Nierembergia scoparia,broom cupflower,species,Plantae,18
169081,Solanum robustum,shrubby nightshade,species,Plantae,18
275638,Pteridium arachnoideum,tropical brackenfern,species,Plantae,18
285224,Ocotea puberula,,species,Plantae,18
287096,Trichilia pallida,,species,Plantae,18
288710,Tagetes filifolia,,species,Plantae,18
317963,Scoparia dulcis,Licorice Weed,species,Plantae,18
465343,Azorella selago,Cushion azorella,species,Plantae,18
790302,Senecio heterotrichius,,species,Plantae,18
987170,Prosopidastrum globosum,,species,Plantae,18
994350,Cuscuta grandiflora,,species,Plantae,18
135497,Ephedra boelckei,,species,Plantae,17
159821,Caperonia castaneifolia,chestnutleaf false croton,species,Plantae,17
511277,Senecio subumbellatus,,species,Plantae,17
551019,Sinningia elatior,,species,Plantae,17
604037,Dunalia brachyacantha,,species,Plantae,17
627282,Munnozia hastifolia,,species,Plantae,17
854016,Fabiana patagonica,,species,Plantae,17
971305,Adesmia bicolora,,species,Plantae,17
1041789,Prosopidastrum angusticarpum,,species,Plantae,17
1063427,Baccharis penningtonii,,species,Plantae,17
1085054,Pappostipa humilis,,species,Plantae,17
1287122,Randia heteromera,,species,Plantae,17
1368644,Abutilon densiflorum,,species,Plantae,17
76943,Erigeron sumatrensis,tropical horseweed,species,Plantae,16
119900,Rhipsalis baccifera,Mistletoe Cactus,species,Plantae,16
137092,Pteris deflexa,,species,Plantae,16
137962,Cheilanthes micropteris,,species,Plantae,16
143532,Carex magellanica,Tall Bog-sedge,species,Plantae,16
154538,Guazuma ulmifolia,West Indian Elm,species,Plantae,16
165138,Manihot esculenta,Cassava,species,Plantae,16
204753,Selaginella sellowii,,species,Plantae,16
364200,Allagoptera campestris,,species,Plantae,16
790532,Isostigma peucedanifolium,,species,Plantae,16
797103,Azorella filamentosa,Wiry azorella,species,Plantae,16
1198433,Leucheria eriocephala,,species,Plantae,16
1352273,Euphrasia trifida,,species,Plantae,16
154888,Pachystachys lutea,golden shrimp plant,species,Plantae,15
165694,Nertera granadensis,Beadplant,species,Plantae,15
184051,Colignonia glomerata,,species,Plantae,15
207501,Dicksonia sellowiana,imperial samambaiaçu,species,Plantae,15
246102,Sphagneticola trilobata,Trailing Daisy,species,Plantae,15
290955,Ruellia geminiflora,,species,Plantae,15
490916,Gevuina avellana,Chilean Hazel,species,Plantae,15
544561,Microgramma squamulosa,,species,Plantae,15
636276,Draba magellanica,Fuegian whitlowgrass,species,Plantae,15
746567,Amphilophium crucigerum,Monkey's comb,species,Plantae,15
781603,Aristolochia macroura,,species,Plantae,15
795525,Monttea schickendantzii,,species,Plantae,15
806758,Calceolaria polyclada,,species,Plantae,15
945625,Camonea umbellata,yellow merremia,species,Plantae,15
950794,Lycium americanum,Inagua Lycium,species,Plantae,15
1007066,Machaonia brasiliensis,,species,Plantae,15
1067759,Euphorbia papillosa,,species,Plantae,15
1077047,Doryopteris triphylla,,species,Plantae,15
1078969,Dahlstedtia muehlbergiana,,species,Plantae,15
1230562,Maytenus chubutensis,,species,Plantae,15
1361565,Miconia australis,,species,Plantae,15
1397467,Rhipsalis shaferi,,species,Plantae,15
83920,Guarea guidonia,American muskwood,species,Plantae,14
139092,Indigofera asperifolia,,species,Plantae,14
182373,Gibasis geniculata,,species,Plantae,14
404243,Oenothera indecora,Small-flower evening-primrose,species,Plantae,14
563903,Passiflora elegans,,species,Plantae,14
746882,Campsidium valdivianum,,species,Plantae,14
769402,Cordia ecalyculata,,species,Plantae,14
794416,Onoseris alata,,species,Plantae,14
823436,Phytolacca tetramera,,species,Plantae,14
909350,Celtis brasiliensis,,species,Plantae,14
928269,Senecio fistulosus,,species,Plantae,14
974991,Pleurophora saccocarpa,,species,Plantae,14
1064067,Bougainvillea campanulata,,species,Plantae,14
1078983,Eugenia repanda,,species,Plantae,14
1117857,Schinus polygama,Chilean pepper tree,species,Plantae,14
1148428,Pomaria rubicunda,,species,Plantae,14
1228710,Baccharis stenophylla,,species,Plantae,14
1283830,Calceolaria chelidonioides,,species,Plantae,14
1467434,Celtis spinosa,,species,Plantae,14
1604205,Mionandra fischeri,,species,Plantae,14
76656,Digitaria californica,Arizona cottontop,species,Plantae,13
159822,Caperonia palustris,Sacatrapo,species,Plantae,13
164084,Ipomoea dumetorum,railwaycreeper,species,Plantae,13
165586,Muntingia calabura,calabur tree,species,Plantae,13
447317,Schinus roigii,,species,Plantae,13
481697,Myriopteris aurea,golden lipfern,species,Plantae,13
560913,Campomanesia xanthocarpa,,species,Plantae,13
635473,Carex fuscula,Dusky sedge,species,Plantae,13
704688,Perezia pungens,,species,Plantae,13
705036,Solanum fiebrigii,,species,Plantae,13
899585,Pleopeltis pleopeltifolia,,species,Plantae,13
907480,Distimake dissectus,Alamo vine,species,Plantae,13
1020180,Lagenophora hariotii,,species,Plantae,13
1043396,Kaunia saltensis,,species,Plantae,13
1149190,Heteropterys dumetorum,,species,Plantae,13
1199665,Tillandsia schreiteri,,species,Plantae,13
1241356,Archidasyphyllum diacanthoides,,species,Plantae,13
1243706,Wedelia pascalioides,,species,Plantae,13
1278178,Jacquemontia blanchetii,,species,Plantae,13
1280366,Mimosa ostenii,,species,Plantae,13
1397970,Baccharis caprariifolia,,species,Plantae,13
1552499,Orthopappus angustifolius,,species,Plantae,13
1557482,Senega linoides,,species,Plantae,13
63913,Lemna gibba,Fat Duckweed,species,Plantae,12
135479,Ephedra americana,American Ephedra,species,Plantae,12
285150,Hyptis brevipes,lesser roundweed,species,Plantae,12
286053,Clematis haenkeana,,species,Plantae,12
624349,Euphrasia antarctica,antarctic eyebright,species,Plantae,12
630052,Achyrocline alata,,species,Plantae,12
772903,Sporobolus alterniflorus,Saltmarsh Cordgrass,species,Plantae,12
776842,Austrolycopodium magellanicum,Magellanic clubmoss,species,Plantae,12
866821,Louisiella elephantipes,,species,Plantae,12
913817,Monnina tristaniana,,species,Plantae,12
936408,Calliandra foliolosa,,species,Plantae,12
1277025,Glandularia tomophylla,,species,Plantae,12
75832,Boehmeria cylindrica,false nettle,species,Plantae,11
135741,Pilgerodendron uviferum,Guaitecas cypress,species,Plantae,11
163710,Heteranthera reniformis,Kidneyleaf mud plantain,species,Plantae,11
169520,Tabebuia aurea,Yellow Trumpet-tree,species,Plantae,11
366402,Butia noblickii,,species,Plantae,11
441409,Opuntia arechavaletae,,species,Plantae,11
499544,Larrea ameghinoi,,species,Plantae,11
509342,Ageratina glechonophylla,,species,Plantae,11
842423,Sisyrinchium minutiflorum,,species,Plantae,11
852376,Picramnia sellowii,,species,Plantae,11
855607,Brachystele dilatata,,species,Plantae,11
913909,Monnina cuneata,,species,Plantae,11
969071,Condylocarpon isthmicum,,species,Plantae,11
1131747,Nothoscordum montevidense,,species,Plantae,11
1413563,Mimosa tandilensis,,species,Plantae,11
1577856,Pseudalbizzia niopoides,,species,Plantae,11
58347,Juncus balticus,Baltic Rush,species,Plantae,10
75385,Alternanthera caracasana,mat chaff-flower,species,Plantae,10
153994,Tinantia erecta,Upright tinantia,species,Plantae,10
340558,Alchornea glandulosa,,species,Plantae,10
465340,Abrotanella emarginata,Notched moss-bog,species,Plantae,10
484664,Pappophorum caespitosum,,species,Plantae,10
563910,Plinia rivularis,,species,Plantae,10
794092,Mutisia hamata,,species,Plantae,10
808359,Billbergia zebrina,,species,Plantae,10
824715,Sinningia tubiflora,,species,Plantae,10
993586,Distimake cissoides,,species,Plantae,10
1002056,Botrychium dusenii,Dusen's moonwort,species,Plantae,10
1044928,Baccharis phyteumoides,,species,Plantae,10
1063055,Eugenia modesta,,species,Plantae,10
1292640,Silene magellanica,,species,Plantae,10
1429456,Dimerostemma hieronymi,,species,Plantae,10
56406,Marchantia polymorpha,Common Liverwort,species,Plantae,9
83417,Evolvulus nummularius,Dwarf Morning Glory,species,Plantae,9
118965,Genipa americana,Genipap Tree,species,Plantae,9
127676,Bixa orellana,Lipsticktree,species,Plantae,9
130002,Acmella oppositifolia,Oppositeleaf Spotflower,species,Plantae,9
132451,Tithonia diversifolia,Mexican sunflower,species,Plantae,9
170045,Triumfetta semitriloba,Sacramento bur,species,Plantae,9
338223,Hypochaeris taraxacoides,,species,Plantae,9
490877,Rhaphithamnus spinosus,Prickly myrtle,species,Plantae,9
494379,Carex phleoides,,species,Plantae,9
553244,Pleopeltis pinnatifida,,species,Plantae,9
578598,Randia ferox,,species,Plantae,9
636152,Plantago barbata,,species,Plantae,9
910621,Jacaranda micrantha,,species,Plantae,9
1066572,Atriplex crenatifolia,,species,Plantae,9
1072718,Schinus marchandii,,species,Plantae,9
1073306,Baccharis divaricata,,species,Plantae,9
51988,Physalis peruviana,Cape gooseberry,species,Plantae,8
75551,Arenaria lanuginosa,spreading sandwort,species,Plantae,8
76225,Cestrum nocturnum,night jessamine,species,Plantae,8
81515,Senna alata,Candelabra Bush,species,Plantae,8
126236,Annona cherimola,Cherimoya,species,Plantae,8
131557,Melothria pendula,creeping cucumber,species,Plantae,8
199400,Chromolaena odorata,Siam weed,species,Plantae,8
273963,Piptochaetium stipoides,stipoid ricegrass,species,Plantae,8
286151,Coccocypselum lanceolatum,,species,Plantae,8
286154,Coutarea hexandra,,species,Plantae,8
327909,Turnera subulata,Cuban Buttercup,species,Plantae,8
486655,Palicourea croceoides,Yellow Cedar,species,Plantae,8
490926,Adesmia emarginata,,species,Plantae,8
525575,Tillandsia stricta,upright airplant,species,Plantae,8
551015,Doryopteris pentagona,,species,Plantae,8
626652,Mutisia sinuata,,species,Plantae,8
630561,Baccharis linearis,Chilean little rosemary,species,Plantae,8
634529,Berroa gnaphalioides,,species,Plantae,8
636173,Astelia pumila,soft-camp-bog,species,Plantae,8
747134,Apuleia leiocarpa,,species,Plantae,8
779803,Aristolochia stuckertii,,species,Plantae,8
785419,Viola tridentata,Mountain violet,species,Plantae,8
790997,Plantago sempervivoides,,species,Plantae,8
792778,Acicarpha procumbens,,species,Plantae,8
855993,Hydrangea serratifolia,,species,Plantae,8
867920,Tetroncium magellanicum,Arrowgrass,species,Plantae,8
889623,Symplocos uniflora,,species,Plantae,8
898488,Vachellia albicorticata,,species,Plantae,8
1021631,Zygia morongii,,species,Plantae,8
1031109,Xylosma tweediana,,species,Plantae,8
1038929,Selenicereus setaceus,,species,Plantae,8
1065815,Trichocline auriculata,,species,Plantae,8
1080566,Chomelia obtusa,,species,Plantae,8
1181722,Zephyranthes pedunculosa,,species,Plantae,8
1232288,Peperomia comarapana,,species,Plantae,8
1340214,Achyrocline flaccida,,species,Plantae,8
126487,Calandrinia acaulis,,species,Plantae,7
132176,Niphidium crassifolium,graceful fern,species,Plantae,7
157901,Acalypha poiretii,Poiret's copperleaf,species,Plantae,7
159346,Bougainvillea glabra,lesser bougainvillea,species,Plantae,7
164414,Lagascea mollis,Silkleaf,species,Plantae,7
192600,Gaultheria nubigena,,species,Plantae,7
547414,Noticastrum marginatum,,species,Plantae,7
557783,Salpichroa tristis,,species,Plantae,7
592193,Plantago myosuros,Mouse Plantain,species,Plantae,7
633397,Baccharis breviseta,,species,Plantae,7
635564,Carex sagei,Sage's Sedge,species,Plantae,7
712820,Azorella biloba,,species,Plantae,7
792817,Schlechtendalia luzulifolia,,species,Plantae,7
910438,Plectocephalus tweediei,,species,Plantae,7
936421,Distimake aegyptius,Egyptian woodrose,species,Plantae,7
1042210,Lomariocycas magellanica,Tall Fern,species,Plantae,7
1078917,Chromolaena pedunculosa,,species,Plantae,7
1149342,Culcitium depressum,,species,Plantae,7
1243532,Wedelia aurantiaca,,species,Plantae,7
1464524,Gloxinia major,,species,Plantae,7
48556,Drymaria cordata,whitesnow,species,Plantae,6
56153,Juncus effusus,Soft Rush,species,Plantae,6
78975,Salvinia minima,water spangles,species,Plantae,6
141005,Heliconia farinosa,,species,Plantae,6
147343,Acanthospermum australe,Paraguayan starburr,species,Plantae,6
160005,Carex macloviana,Thickhead sedge,species,Plantae,6
161255,Cuphea carthagenensis,Colombian waxweed,species,Plantae,6
162826,Euphorbia graminea,Grassleaf Spurge,species,Plantae,6
164861,Ludwigia octovalvis,Mexican Primrose-willow,species,Plantae,6
277571,Didymopanax morototoni,matchwood,species,Plantae,6
288904,Jaegeria hirta,,species,Plantae,6
289777,Baccharis trinervis,,species,Plantae,6
327718,Erythrina poeppigiana,mountain immortelle,species,Plantae,6
336344,Artemisia verlotiorum,Chinese Mugwort,species,Plantae,6
427340,Passiflora amethystina,,species,Plantae,6
482842,Ipomoea aristolochiifolia,,species,Plantae,6
506950,Ipomoea setifera,,species,Plantae,6
548692,Laureliopsis philippiana,,species,Plantae,6
701433,Schizanthus hookeri,Mariposita,species,Plantae,6
765107,Gaultheria caespitosa,,species,Plantae,6
772024,Brunfelsia plowmaniana,,species,Plantae,6
782971,Myrteola nummularia,Teaberry,species,Plantae,6
829619,Gavilea litoralis,Yellow Orchid,species,Plantae,6
867186,Cyathea atrovirens,,species,Plantae,6
887379,Rubus boliviensis,,species,Plantae,6
972932,Mandevilla grata,,species,Plantae,6
980569,Aldama helianthoides,,species,Plantae,6
1003953,Mikania hemisphaerica,,species,Plantae,6
1100085,Silene echegarayi,,species,Plantae,6
1243658,Wedelia kerrii,,species,Plantae,6
1318532,Chaetogastra herbacea,cane tibouchina,species,Plantae,6
1418897,Solanum consimile,,species,Plantae,6
1568453,Ceiba guarani,,species,Plantae,6
1618225,Chloraea gaudichaudii,Gaudichaud's orchid,species,Plantae,6
62937,Allamanda cathartica,Golden Trumpet,species,Plantae,5
79147,Soleirolia soleirolii,Baby's tears,species,Plantae,5
131561,Euphorbia hyssopifolia,hyssop spurge,species,Plantae,5
133287,Solanum mauritianum,bugweed,species,Plantae,5
138486,Zapoteca formosa,,species,Plantae,5
141854,Urtica gracilis,slender stinging nettle,species,Plantae,5
160869,Corchorus orinocensis,Orinoco jute,species,Plantae,5
165482,Mitracarpus hirtus,Tropical Girdlepod,species,Plantae,5
165859,Ophioglossum crotalophoroides,bulbous adder's-tongue,species,Plantae,5
209896,Cordia alliodora,Spanish elm,species,Plantae,5
278321,Peperomia urocarpa,,species,Plantae,5
280702,Myroxylon peruiferum,,species,Plantae,5
286085,Rubus urticifolius,Ecuadorian mountain berry,species,Plantae,5
287316,Murraya paniculata,Orange Jasmine,species,Plantae,5
287816,Hibiscus sororius,,species,Plantae,5
289741,Tagetes terniflora,,species,Plantae,5
327241,Pseudelephantopus spiralis,spiral dog's-tongue,species,Plantae,5
427620,Erythrina speciosa,Ivory Coral Tree,species,Plantae,5
474336,Garcinia brasiliensis,,species,Plantae,5
543635,Drimys andina,,species,Plantae,5
556727,Chaptalia exscapa,,species,Plantae,5
635479,Lobelia pratiana,Berry-lobelia,species,Plantae,5
772046,Calibrachoa calycina,,species,Plantae,5
791080,Plantago tehuelcha,,species,Plantae,5
896266,Suaeda argentinensis,Argentine Seepweed,species,Plantae,5
897977,Olsynium acaule,,species,Plantae,5
976518,Potamogeton linguatus,Native Pondweed,species,Plantae,5
1023185,Hypochaeris arenaria,Sand cat's-ear,species,Plantae,5
1031931,Arachis villosa,,species,Plantae,5
1070825,Baccharis vulneraria,,species,Plantae,5
1079606,Eugenia mansoi,,species,Plantae,5
1095846,Bidens alba,White beggarticks,species,Plantae,5
1188774,Dalechampia stenosepala,,species,Plantae,5
1252531,Phycella maulensis,,species,Plantae,5
1398452,Silene argentina,,species,Plantae,5
1429725,Odontocarya asarifolia,,species,Plantae,5
1433608,Tripogandra purpurascens,,species,Plantae,5
1461715,Carex aematorhyncha,Blood beak sedge,species,Plantae,5
1549826,Nissolia nigricans,,species,Plantae,5
48514,Capsicum annuum,chili pepper,species,Plantae,4
55981,Lapsana communis,nipplewort,species,Plantae,4
60121,Hydrocotyle verticillata,Whorled Pennywort,species,Plantae,4
71036,Aristolochia gigantea,Brazilian Dutchman's Pipe,species,Plantae,4
76650,Dichondra micrantha,Asian ponysfoot,species,Plantae,4
76907,Erigeron canadensis,horseweed,species,Plantae,4
155129,Sigesbeckia jorullensis,,species,Plantae,4
161574,Cyrtopodium punctatum,Cowhorn Orchid,species,Plantae,4
164213,Jacquemontia pentanthos,Skyblue Clustervine,species,Plantae,4
166894,Piper aduncum,spiked pepper,species,Plantae,4
169500,Synedrella nodiflora,Nodeweed,species,Plantae,4
275577,Lygodium volubile,,species,Plantae,4
276273,Phytolacca rivinoides,Venezuelan pokeweed,species,Plantae,4
276440,Aechmea bromeliifolia,,species,Plantae,4
276817,Juncus microcephalus,,species,Plantae,4
277808,Coriaria ruscifolia,,species,Plantae,4
279337,Mimosa somnians,,species,Plantae,4
286055,Ranunculus flagelliformis,,species,Plantae,4
286496,Pilea pubescens,,species,Plantae,4
289821,Mikania vitifolia,,species,Plantae,4
401151,Crassula moschata,Shore Stonecrop,species,Plantae,4
439587,Lepismium houlletianum,Snowdrop Cactus,species,Plantae,4
461865,Cybistax antisyphilitica,,species,Plantae,4
523258,Gomesa planifolia,,species,Plantae,4
563933,Baccharis microdonta,,species,Plantae,4
606718,Baccharis sagittalis,,species,Plantae,4
631706,Sarcothalia crispata,,species,Plantae,4
704574,Distichia muscoides,,species,Plantae,4
737189,Pyropia columbina,,species,Plantae,4
738777,Veronica elliptica,Shore Hebe,species,Plantae,4
750869,Dendropanax cuneatus,,species,Plantae,4
788007,Zygopetalum maxillare,,species,Plantae,4
883948,Maxillaria picta,,species,Plantae,4
895696,Stevia minor,,species,Plantae,4
913839,Monnina resedoides,,species,Plantae,4
916728,Cenostigma pluviosum,,species,Plantae,4
931865,Myrcianthes pseudomato,,species,Plantae,4
971924,Baccharis tenella,,species,Plantae,4
978422,Jacquemontia evolvuloides,Midnight-Blue Clustervine,species,Plantae,4
980670,Taraxacum gilliesii,Gillies's dandelion,species,Plantae,4
1005194,Thyrsacanthus boliviensis,,species,Plantae,4
1023181,Ranunculus hydrophilus,Marsh buttercup,species,Plantae,4
1031112,Baccharis oxyodonta,,species,Plantae,4
1045552,Lupinus austrorientalis,,species,Plantae,4
1068724,Stemodia stricta,,species,Plantae,4
1078993,Prunus subcoriacea,,species,Plantae,4
1099061,Prosopidastrum striatum,,species,Plantae,4
1117884,Schinus sinuata,,species,Plantae,4
1130122,Lepidium auriculatum,,species,Plantae,4
1139161,Gamochaeta filaginea,,species,Plantae,4
1159122,Carex darwinii,,species,Plantae,4
1159755,Hieracium palezieuxii,,species,Plantae,4
1243411,Aldama mollis,,species,Plantae,4
1267426,Senecio hualtaranensis,,species,Plantae,4
1429717,Lupinus paraguariensis,,species,Plantae,4
51921,Mimosa pudica,Sensitive Plant,species,Plantae,3
52929,Commelina obliqua,,species,Plantae,3
57107,Juncus bufonius,Toad rush,species,Plantae,3
60173,Spergularia villosa,hairy sandspurry,species,Plantae,3
62833,Cedrela odorata,West Indies Cedrela,species,Plantae,3
75395,Amaranthus hybridus,Smooth Pigweed,species,Plantae,3
122976,Lactuca sativa,lettuce,species,Plantae,3
128652,Salvia coccinea,Tropical sage,species,Plantae,3
133667,Myrsine coriacea,Leathery Colicwood,species,Plantae,3
135486,Ephedra multiflora,,species,Plantae,3
143203,Salvia splendens,Scarlet Sage,species,Plantae,3
158452,Apium prostratum,Sea Celery,species,Plantae,3
161821,Dichondra argentea,silver ponysfoot,species,Plantae,3
162208,Egletes viscosa,,species,Plantae,3
168840,Senna hirsuta,hairy senna,species,Plantae,3
168938,Sida urens,Tropical Fanpetals,species,Plantae,3
169055,Solanum capsicoides,Cockroach Berry,species,Plantae,3
283511,Eleutherine bulbosa,,species,Plantae,3
285325,Adenaria floribunda,,species,Plantae,3
286045,Roupala montana,,species,Plantae,3
286293,Spermacoce confusa,river false buttonweed,species,Plantae,3
316857,Gouania polygama,liane savon,species,Plantae,3
337665,Lophophytum mirabile,,species,Plantae,3
342687,Gaultheria myrsinoides,cacalote,species,Plantae,3
343971,Brunfelsia pauciflora,Brazil raintree,species,Plantae,3
348394,Cynophalla flexuosa,bay-leaved caper,species,Plantae,3
359748,Blechnum cordatum,Greater Hard-fern,species,Plantae,3
363723,Alopecurus magellanicus,Alpine Foxtail,species,Plantae,3
402867,Juncus scheuchzerioides,Native rush,species,Plantae,3
405825,Sceptridium australe,parsley fern,species,Plantae,3
443391,Schinus engleri,,species,Plantae,3
526642,Lycianthes lycioides,lycium-like solanum,species,Plantae,3
543021,Diospyros inconstans,,species,Plantae,3
543249,Sisyrinchium commutatum,,species,Plantae,3
564028,Utricularia tricolor,,species,Plantae,3
624346,Carex vallis-pulchrae,Marsh sedge,species,Plantae,3
624367,Symphyotrichum vahlii,Marsh Daisy,species,Plantae,3
703454,Alstroemeria isabelleana,,species,Plantae,3
772068,Calibrachoa pygmea,,species,Plantae,3
781611,Glandularia selloi,,species,Plantae,3
794146,Mutisia linearifolia,,species,Plantae,3
841660,Hippeastrum aulicum,,species,Plantae,3
874161,Baccharis racemosa,,species,Plantae,3
884354,Hexasepalum sarmentosum,,species,Plantae,3
918117,Steinchisma laxum,Lax Panicgrass,species,Plantae,3
935485,Pseudognaphalium cheiranthifolium,,species,Plantae,3
949080,Cerastium rivulare,,species,Plantae,3
968036,Eugenia pitanga,,species,Plantae,3
974081,Muellera fluvialis,,species,Plantae,3
1006949,Cienfuegosia ulmifolia,,species,Plantae,3
1023182,Agoseris coronopifolia,Fuegian hawk's-beard,species,Plantae,3
1099425,Condylostylis candida,,species,Plantae,3
1099801,Aldama revoluta,,species,Plantae,3
1145476,Hypochaeris variegata,,species,Plantae,3
1396196,Eugenia anomala,,species,Plantae,3
1429488,Sida regnellii,,species,Plantae,3
1432109,Dioscorea glandulosa,,species,Plantae,3
1607521,Hymenachne pernambucensis,,species,Plantae,3
1617135,Anatherum bicorne,bicornis grass,species,Plantae,3
47602,Taraxacum officinale,common dandelion,species,Plantae,2
48888,Miconia calvescens,velvet tree,species,Plantae,2
53184,Digitaria insularis,Sourgrass,species,Plantae,2
60350,Artemisia absinthium,absinthe wormwood,species,Plantae,2
60957,Gamochaeta purpurea,Purple Cudweed,species,Plantae,2
62949,Bougainvillea spectabilis,beautiful bougainvillea,species,Plantae,2
71121,Mazzaella laminarioides,spoon luga,species,Plantae,2
76584,Cyperus esculentus,yellow nutsedge,species,Plantae,2
76664,Diplotaxis muralis,annual wall-rocket,species,Plantae,2
77299,Gossypium hirsutum,Upland Cotton,species,Plantae,2
77742,Lilaeopsis occidentalis,western grasswort,species,Plantae,2
77914,Lycopodium clavatum,stag's-horn clubmoss,species,Plantae,2
78127,Muehlenbeckia hastulata,wirevine,species,Plantae,2
83257,Ocimum campechianum,wild sweet basil,species,Plantae,2
120008,Ludwigia decurrens,Wingleaf Primrose-Willow,species,Plantae,2
126300,Ipomoea hederifolia,scarlet creeper,species,Plantae,2
127387,Codiaeum variegatum,Variegated Croton,species,Plantae,2
127936,Chiococca alba,West Indian milkberry,species,Plantae,2
134205,Senna bicapsularis,Money Bush,species,Plantae,2
135688,Podocarpus nubigenus,Chilean totara,species,Plantae,2
141278,Tillandsia geminiflora,,species,Plantae,2
142803,Lophosoria quadripinnata,diamondleaf fern,species,Plantae,2
147998,Calceolaria tripartita,gold purse,species,Plantae,2
159110,Axonopus compressus,broadleaf carpetgrass,species,Plantae,2
159361,Bouteloua simplex,Matted Grama,species,Plantae,2
159681,Callisia repens,Turtle Vine,species,Plantae,2
162123,Dryopteris wallichiana,Wallich's wood fern,species,Plantae,2
162969,Ficus americana,West Indian Laurel Fig,species,Plantae,2
164215,Jacquemontia tamnifolia,Hairy cluster-vine,species,Plantae,2
164426,Lantana velutina,Velvet Lantana,species,Plantae,2
167517,Psilotum nudum,skeleton fork fern,species,Plantae,2
168404,Salvinia auriculata,Eared Watermoss,species,Plantae,2
168922,Sida acuta,Spinyhead Sida,species,Plantae,2
169583,Tectaria incisa,incised halberd fern,species,Plantae,2
183247,Aextoxicon punctatum,olivillo,species,Plantae,2
200023,Soliva anthemifolia,Button Burweed,species,Plantae,2
200050,Acmella repens,Oppositeleaf Spotflower,species,Plantae,2
210079,Zanthoxylum riedelianum,,species,Plantae,2
243637,Lantana horrida,,species,Plantae,2
260753,Heliconia psittacorum,Parrot's Beak,species,Plantae,2
273857,Bocconia integrifolia,Entire-leaved Tree Celandine,species,Plantae,2
275340,Euphorbia cotinifolia,Mexican shrubby spurge,species,Plantae,2
275610,Adiantum latifolium,broadleaf maidenhair,species,Plantae,2
279260,Alternanthera ficoidea,sanguinaria,species,Plantae,2
285787,Nymphaea prolifera,,species,Plantae,2
286239,Palicourea crocea,Cachimbo,species,Plantae,2
287893,Inga affinis,,species,Plantae,2
288649,Brickellia diffusa,,species,Plantae,2
288693,Schistocarpha eupatorioides,,species,Plantae,2
289587,Salmea scandens,,species,Plantae,2
292150,Piper hispidum,,species,Plantae,2
327287,Acmella ciliata,,species,Plantae,2
327754,Oxalis triangularis,false shamrock,species,Plantae,2
332442,Annona mucosa,Biriba,species,Plantae,2
356250,Sagittaria rhombifolia,Amazon Sword Plant,species,Plantae,2
363597,Senecio tamoides,Canary creeper,species,Plantae,2
427503,Dichorisandra thyrsiflora,Blue ginger,species,Plantae,2
431518,Puya alpestris,Sapphire tower,species,Plantae,2
468336,Handroanthus chrysotrichus,Golden trumpet tree,species,Plantae,2
509178,Oxalis lasiopetala,,species,Plantae,2
524223,Bromelia antiacantha,wild banana,species,Plantae,2
525874,Chusquea quila,Taihuen,species,Plantae,2
543078,Glandularia dissecta,,species,Plantae,2
549251,Justicia axillaris,,species,Plantae,2
635472,Ranunculus trullifolius,ladle-leaved buttercup,species,Plantae,2
793977,Gloxinia erinoides,,species,Plantae,2
803699,Hippeastrum glaucescens,,species,Plantae,2
860675,Sticherus cryptocarpus,Coral fern,species,Plantae,2
880817,Oxalis rhombeo-ovata,,species,Plantae,2
883069,Hymenophyllum tortuosum,Twisted filmy-fern,species,Plantae,2
898882,Euphrasia subexserta,,species,Plantae,2
922303,Trixis proustioides,,species,Plantae,2
924673,Ipheion tweedieanum,,species,Plantae,2
925474,Acaena pumila,Dwarf prickly-burr,species,Plantae,2
939085,Lepidaploa remotiflora,,species,Plantae,2
975323,Onoseris hastata,,species,Plantae,2
993570,Distimake macrocalyx,,species,Plantae,2
1013814,Campomanesia guaviroba,,species,Plantae,2
1014428,Begonia fruticosa,,species,Plantae,2
1023190,Stellaria debilis,Native stichwort,species,Plantae,2
1031922,Brachystele camporum,,species,Plantae,2
1072124,Nectandra lanceolata,,species,Plantae,2
1090203,Baccharis tridentata,,species,Plantae,2
1113011,Pleroma mutabile,,species,Plantae,2
1117609,Pleroma heteromallum,silverleafed princess flower,species,Plantae,2
1146709,Buddleja angusticarpa,,species,Plantae,2
1149375,Culcitium tenellum,,species,Plantae,2
1197044,Pachystachys azaleiflora,,species,Plantae,2
1235198,Palicourea macrobotrys,,species,Plantae,2
1264656,Zephyranthes gracilifolia,,species,Plantae,2
1275881,Podostemum comatum,,species,Plantae,2
1367415,Metrosideros stipularis,Tepu,species,Plantae,2
1418314,Gamocarpha graminea,,species,Plantae,2
1425326,Ruehssia altissima,,species,Plantae,2
1429277,Krapovickasia urticifolia,,species,Plantae,2
1432914,Senecio belenensis,,species,Plantae,2
1433105,Senecio diemii,,species,Plantae,2
1436805,Funastrum flavum,,species,Plantae,2
1441364,Myrcia glomerata,,species,Plantae,2
1545728,Erechtites albiflorus,,species,Plantae,2
51832,Hippeastrum reginae,Mexican Lily,species,Plantae,1
52328,Amaranthus cruentus,Red amaranth,species,Plantae,1
53143,Madia sativa,coast tarweed,species,Plantae,1
53778,Santolina chamaecyparissus,Lavender-cotton,species,Plantae,1
61839,Oxalis latifolia,Garden pink-sorrel,species,Plantae,1
62811,Carica papaya,Papaya,species,Plantae,1
62942,Ipomoea triloba,Littlebell,species,Plantae,1
64208,Symphyotrichum subulatum,annual saltmarsh aster,species,Plantae,1
68293,Polytrichum commune,Common Haircap Moss,species,Plantae,1
75602,Asclepias curassavica,tropical milkweed,species,Plantae,1
75833,Boerhavia coccinea,scarlet spiderling,species,Plantae,1
77562,Juncus cyperoides,bolivian rush,species,Plantae,1
77779,Lindernia dubia,Yellowseed False Pimpernel,species,Plantae,1
77835,Lonicera japonica,Japanese honeysuckle,species,Plantae,1
83908,Cordia superba,,species,Plantae,1
118916,Marsypianthes chamaedrys,,species,Plantae,1
119099,Jatropha gossypiifolia,Bellyache Bush,species,Plantae,1
122965,Ananas comosus,pineapple,species,Plantae,1
135480,Ephedra breana,Pingo-pingo,species,Plantae,1
135488,Ephedra rupestris,,species,Plantae,1
137239,Pleopeltis macrocarpa,Bigfruit Scaly Polypody,species,Plantae,1
138576,Senna macranthera,,species,Plantae,1
154852,Pachira aquatica,provision tree,species,Plantae,1
158226,Alternanthera brasiliana,Ruby Leaf,species,Plantae,1
162702,Eryngium foetidum,Mexican Culantro,species,Plantae,1
163352,Gossypium barbadense,Sea Island Cotton,species,Plantae,1
163471,Gynerium sagittatum,,species,Plantae,1
163640,Heliconia latispatha,Expanded Lobsterclaw,species,Plantae,1
164010,Hypochaeris microcephala,white cat's ear,species,Plantae,1
164095,Ipomoea pubescens,Silky Morning Glory,species,Plantae,1
164103,Ipomoea trifida,threefork morning glory,species,Plantae,1
164411,Laennecia sophiifolia,Leafy Horseweed,species,Plantae,1
164427,Laportea aestuans,West Indian woodnettle,species,Plantae,1
165303,Mentzelia aspera,tropical blazingstar,species,Plantae,1
167270,Polypogon elongatus,Streambank Rabbitsfoot Grass,species,Plantae,1
169502,Syngonium angustatum,fivefingers,species,Plantae,1
202319,Palicourea guianensis,showy cappel,species,Plantae,1
202341,Cyperus hermaphroditus,hermaphrodite flatsedge,species,Plantae,1
204923,Agave vivipara,,species,Plantae,1
243778,Sisyrinchium laxum,Veined Yellow-eyed Grass,species,Plantae,1
273932,Begonia fischeri,Fischer's begonia,species,Plantae,1
276853,Limnocharis laforestii,,species,Plantae,1
277315,Tradescantia zanonia,Cohitre Blanco,species,Plantae,1
277804,Jacquemontia sphaerostigma,,species,Plantae,1
278678,Phenax sonneratii,Asian ghostweed,species,Plantae,1
280336,Gamochaeta simplicicaulis,singlestem everlasting,species,Plantae,1
280343,Koanophyllon solidaginoides,,species,Plantae,1
281661,Bidens reptans,,species,Plantae,1
282341,Euphorbia lasiocarpa,Roadside Sandmat,species,Plantae,1
284040,Spathiphyllum wallisii,Peace Lily,species,Plantae,1
284894,Ipomoea rubens,Water Morning-glory,species,Plantae,1
286026,Muehlenbeckia tamnifolia,,species,Plantae,1
286494,Pilea hyalina,,species,Plantae,1
288306,Eragrostis tenuifolia,Elastic Grass,species,Plantae,1
288462,Delilia biflora,,species,Plantae,1
289076,Hebeclinium macrophyllum,,species,Plantae,1
289566,Chaptalia runcinata,,species,Plantae,1
291430,Heliopsis buphthalmoides,,species,Plantae,1
327361,Hippeastrum reticulatum,Netted-veined amaryllis,species,Plantae,1
335157,Clerodendrum chinense,Chinese Glorybower,species,Plantae,1
338819,Diphasiastrum thyoides,,species,Plantae,1
344725,Ruellia makoyana,monkey plant,species,Plantae,1
346408,Pachira glabra,saba nut tree,species,Plantae,1
348760,Hippeastrum striatum,Striped Barbados Lily,species,Plantae,1
357827,Tilesia baccata,,species,Plantae,1
363773,Poa flabellata,Tussac-grass,species,Plantae,1
404646,Paronychia brasiliana,Brazilian Whitlow,species,Plantae,1
406068,Solanum crispum,Chilean potato vine,species,Plantae,1
416509,Gaultheria antarctica,Antarctic mountainberry,species,Plantae,1
425920,Gomesa flexuosa,dancing ladies orchid,species,Plantae,1
431480,Poecilanthe parviflora,,species,Plantae,1
551431,Handroanthus ochraceus,golden trumpet tree,species,Plantae,1
557708,Pasithea caerulea,azulillo,species,Plantae,1
570275,Xylopia brasiliensis,,species,Plantae,1
571198,Escallonia hypoglauca,,species,Plantae,1
636260,Rumex magellanicus,Southern dock,species,Plantae,1
707583,Colobanthus subulatus,Emerald-bog,species,Plantae,1
712411,Calceolaria tenella,,species,Plantae,1
716759,Lycianthes repens,,species,Plantae,1
717918,Urtica echinata,,species,Plantae,1
718894,Tourrettia lappacea,,species,Plantae,1
746906,Mutisia subulata,,species,Plantae,1
765217,Gaultheria tenuifolia,,species,Plantae,1
774126,Erodium geoides,Argentine Stork's-bill,species,Plantae,1
778062,Valeriana sedifolia,Valarian-bog,species,Plantae,1
781644,Ruellia blechum,Browne's blechum,species,Plantae,1
790339,Cerastium humifusum,,species,Plantae,1
793896,Famatinanthus decussatus,,species,Plantae,1
806753,Calceolaria pinifolia,,species,Plantae,1
808361,Citharexylum myrianthum,,species,Plantae,1
829080,Mikania banisteriae,,species,Plantae,1
847698,Billbergia distachia,,species,Plantae,1
852081,Moquiniastrum polymorphum,,species,Plantae,1
853676,Oreobolus obtusangulus,,species,Plantae,1
860937,Tradescantia cymbispatha,,species,Plantae,1
866504,Erigeron laevigatus,Manzanilla Horseweed,species,Plantae,1
880101,Schinus meyeri,,species,Plantae,1
884445,Guzmania conifera,,species,Plantae,1
885826,Acaena lucida,Native yarrow,species,Plantae,1
888020,Baccharis alpina,,species,Plantae,1
901004,Grazielia serrata,,species,Plantae,1
903046,Zephyranthes filifolia,,species,Plantae,1
903399,Plantago orbignyana,,species,Plantae,1
904525,Escallonia serrata,,species,Plantae,1
905030,Baccharis rhomboidalis,,species,Plantae,1
925460,Acaena antarctica,Antarctic prickly-burr,species,Plantae,1
925920,Poa alopecurus,,species,Plantae,1
963947,Hieracium commersonii,,species,Plantae,1
966361,Hypochaeris elata,,species,Plantae,1
969057,Esenbeckia febrifuga,,species,Plantae,1
976513,Carex acaulis,Small dusky sedge,species,Plantae,1
978772,Lagenophora nudicaulis,Dwarf daisy,species,Plantae,1
982307,Chusquea lorentziana,,species,Plantae,1
985459,Lucilia kunthiana,,species,Plantae,1
1010131,Senecio otites,,species,Plantae,1
1023178,Austrolycopodium alboffii,,species,Plantae,1
1023197,Carex delacosta,Hook sedge,species,Plantae,1
1041782,Sphaeralcea crispa,,species,Plantae,1
1046772,Sanderella discolor,,species,Plantae,1
1051364,Bidens tenera,,species,Plantae,1
1091121,Sisyrinchium hasslerianum,,species,Plantae,1
1097462,Piptocarpha sellovii,,species,Plantae,1
1099065,Prosopidastrum dehiscens,,species,Plantae,1
1099250,Vriesea philippocoburgi,,species,Plantae,1
1117840,Schinus ferox,,species,Plantae,1
1117849,Schinus myrtifolia,,species,Plantae,1
1139387,Plinia trunciflora,,species,Plantae,1
1149341,Culcitium dasyphyllum,,species,Plantae,1
1149352,Culcitium gilliesii,,species,Plantae,1
1178149,Glandularia subincana,,species,Plantae,1
1194870,Hieracium magellanicum,Antarctic hawkweed,species,Plantae,1
1197277,Adesmia pseudogrisea,,species,Plantae,1
1243516,Aldama tuberosa,,species,Plantae,1
1250122,Vernonanthura brasiliana,,species,Plantae,1
1266266,Digitaria sacchariflora,,species,Plantae,1
1293231,Miconia crenata,Koster's curse,species,Plantae,1
1312293,Serjania ampelopsis,,species,Plantae,1
1340286,Senecio pachyphyllos,,species,Plantae,1
1353278,Tragia pinnata,,species,Plantae,1
1358028,Galianthe palustris,,species,Plantae,1
1358675,Ipomoea subrevoluta,,species,Plantae,1
1363873,Alchemilla parodii,,species,Plantae,1
1409178,Hypolepis poeppigii,Bramble-fern,species,Plantae,1
1429280,Holocheilus schulzii,,species,Plantae,1
1430547,Myrciaria delicatula,,species,Plantae,1
1430607,Solanum olympicum,,species,Plantae,1
1432225,Eryngium juncifolium,,species,Plantae,1
1432778,Zephyranthes elwesii,,species,Plantae,1
1433081,Senecio colu-huapiensis,,species,Plantae,1
1433867,Senecio maeviae,,species,Plantae,1
1448005,Solanum neei,,species,Plantae,1
1457230,Plantago dielsiana,,species,Plantae,1
1487805,Baccharis montana,,species,Plantae,1
1551513,Cyperus melanostachyus,Black Flatsedge,species,Plantae,1
1555379,Soliva mexicana,Mexican brassbuttons,species,Plantae,1
1569127,Senega paniculata,rootbeer plant,species,Plantae,1
1569216,Senega adenophylla,,species,Plantae,1
